campaign_family,ad_group_theme,keyword_candidate,recommended_match_type,notes
Diagnostics & VOR,Standard Diagnosis,check engine light diagnostics near me,phrase,High fit; query-shaped; low risk.
Diagnostics & VOR,Standard Diagnosis,Fault Diagnosis | Mobile Mercedes Mechanic | UK,phrase,High fit; query-shaped; low risk.
Diagnostics & VOR,Standard Diagnosis,Mercedes and Smart Diagnostics,phrase,High fit; query-shaped; low risk.
Diagnostics & VOR,Standard Diagnosis,Mercedes approved service near me,phrase,High fit; query-shaped; low risk.
Diagnostics & VOR,Standard Diagnosis,mercedes benz diagnostics near me,phrase,High fit; query-shaped; low risk.
Diagnostics & VOR,Standard Diagnosis,Mercedes Benz Star Diagnostics Programming & Coding,phrase,High fit; query-shaped; low risk.
Diagnostics & VOR,Standard Diagnosis,mercedes diagnostic,phrase,High fit; query-shaped; low risk.
Diagnostics & VOR,AdBlue / DPF / NOx,mercedes diagnostic adblue,phrase,High fit; query-shaped; low risk.
Diagnostics & VOR,AdBlue / DPF / NOx,mercedes diagnostic adblue kent,phrase,High fit; query-shaped; low risk.
Diagnostics & VOR,AdBlue / DPF / NOx,mercedes diagnostic adblue local,phrase,High fit; query-shaped; low risk.
Diagnostics & VOR,AdBlue / DPF / NOx,mercedes diagnostic adblue near me,phrase,High fit; query-shaped; low risk.
Diagnostics & VOR,Standard Diagnosis,mercedes diagnostic centre near me,phrase,High fit; query-shaped; low risk.
Diagnostics & VOR,Standard Diagnosis,mercedes diagnostic check near me,phrase,High fit; query-shaped; low risk.
Diagnostics & VOR,AdBlue / DPF / NOx,mercedes diagnostic dpf,phrase,High fit; query-shaped; low risk.
Diagnostics & VOR,AdBlue / DPF / NOx,mercedes diagnostic dpf kent,phrase,High fit; query-shaped; low risk.
Diagnostics & VOR,AdBlue / DPF / NOx,mercedes diagnostic dpf local,phrase,High fit; query-shaped; low risk.
Diagnostics & VOR,AdBlue / DPF / NOx,mercedes diagnostic dpf near me,phrase,High fit; query-shaped; low risk.
Diagnostics & VOR,Standard Diagnosis,mercedes diagnostic kent,phrase,High fit; query-shaped; low risk.
Diagnostics & VOR,Limp Mode / Derate,mercedes diagnostic limp mode,phrase,High fit; query-shaped; low risk.
Diagnostics & VOR,Limp Mode / Derate,mercedes diagnostic limp mode kent,phrase,High fit; query-shaped; low risk.
Diagnostics & VOR,Limp Mode / Derate,mercedes diagnostic limp mode local,phrase,High fit; query-shaped; low risk.
Diagnostics & VOR,Limp Mode / Derate,mercedes diagnostic limp mode near me,phrase,High fit; query-shaped; low risk.
Diagnostics & VOR,Standard Diagnosis,mercedes diagnostic local,phrase,High fit; query-shaped; low risk.
Diagnostics & VOR,Standard Diagnosis,mercedes diagnostic near me,phrase,High fit; query-shaped; low risk.
Diagnostics & VOR,AdBlue / DPF / NOx,mercedes diagnostic nox,phrase,High fit; query-shaped; low risk.
Diagnostics & VOR,AdBlue / DPF / NOx,mercedes diagnostic nox kent,phrase,High fit; query-shaped; low risk.
Diagnostics & VOR,AdBlue / DPF / NOx,mercedes diagnostic nox local,phrase,High fit; query-shaped; low risk.
Diagnostics & VOR,AdBlue / DPF / NOx,mercedes diagnostic nox near me,phrase,High fit; query-shaped; low risk.
Diagnostics & VOR,Limp Mode / Derate,mercedes diagnostic reduced power,phrase,High fit; query-shaped; low risk.
Diagnostics & VOR,Limp Mode / Derate,mercedes diagnostic reduced power kent,phrase,High fit; query-shaped; low risk.
Diagnostics & VOR,Limp Mode / Derate,mercedes diagnostic reduced power local,phrase,High fit; query-shaped; low risk.
Diagnostics & VOR,Limp Mode / Derate,mercedes diagnostic reduced power near me,phrase,High fit; query-shaped; low risk.
Diagnostics & VOR,Standard Diagnosis,mercedes diagnostic service near me,phrase,High fit; query-shaped; low risk.
Diagnostics & VOR,Standard Diagnosis,mercedes diagnostic test near me,phrase,High fit; query-shaped; low risk.
Diagnostics & VOR,VOR / Urgent Van Diagnostics,mercedes diagnostic wont start,phrase,High fit; query-shaped; low risk.
Diagnostics & VOR,VOR / Urgent Van Diagnostics,mercedes diagnostic wont start kent,phrase,High fit; query-shaped; low risk.
Diagnostics & VOR,VOR / Urgent Van Diagnostics,mercedes diagnostic wont start local,phrase,High fit; query-shaped; low risk.
Diagnostics & VOR,VOR / Urgent Van Diagnostics,mercedes diagnostic wont start near me,phrase,High fit; query-shaped; low risk.
Diagnostics & VOR,Standard Diagnosis,mercedes diagnostics,phrase,High fit; query-shaped; low risk.
Diagnostics & VOR,AdBlue / DPF / NOx,mercedes diagnostics adblue,phrase,High fit; query-shaped; low risk.
Diagnostics & VOR,AdBlue / DPF / NOx,mercedes diagnostics adblue kent,phrase,High fit; query-shaped; low risk.
Diagnostics & VOR,AdBlue / DPF / NOx,mercedes diagnostics adblue local,phrase,High fit; query-shaped; low risk.
Diagnostics & VOR,AdBlue / DPF / NOx,mercedes diagnostics adblue near me,phrase,High fit; query-shaped; low risk.
Diagnostics & VOR,AdBlue / DPF / NOx,mercedes diagnostics dpf,phrase,High fit; query-shaped; low risk.
Diagnostics & VOR,AdBlue / DPF / NOx,mercedes diagnostics dpf kent,phrase,High fit; query-shaped; low risk.
Diagnostics & VOR,AdBlue / DPF / NOx,mercedes diagnostics dpf local,phrase,High fit; query-shaped; low risk.
Diagnostics & VOR,AdBlue / DPF / NOx,mercedes diagnostics dpf near me,phrase,High fit; query-shaped; low risk.
Diagnostics & VOR,Standard Diagnosis,Mercedes diagnostics in Kent,phrase,High fit; query-shaped; low risk.
Diagnostics & VOR,Standard Diagnosis,mercedes diagnostics kent,phrase,High fit; query-shaped; low risk.
Diagnostics & VOR,Limp Mode / Derate,mercedes diagnostics limp mode,phrase,High fit; query-shaped; low risk.
Diagnostics & VOR,Limp Mode / Derate,mercedes diagnostics limp mode kent,phrase,High fit; query-shaped; low risk.
Diagnostics & VOR,Limp Mode / Derate,mercedes diagnostics limp mode local,phrase,High fit; query-shaped; low risk.
Diagnostics & VOR,Limp Mode / Derate,mercedes diagnostics limp mode near me,phrase,High fit; query-shaped; low risk.
Diagnostics & VOR,Standard Diagnosis,mercedes diagnostics local,phrase,High fit; query-shaped; low risk.
Diagnostics & VOR,Standard Diagnosis,mercedes diagnostics near me,phrase,High fit; query-shaped; low risk.
Diagnostics & VOR,AdBlue / DPF / NOx,mercedes diagnostics nox,phrase,High fit; query-shaped; low risk.
Diagnostics & VOR,AdBlue / DPF / NOx,mercedes diagnostics nox kent,phrase,High fit; query-shaped; low risk.
Diagnostics & VOR,AdBlue / DPF / NOx,mercedes diagnostics nox local,phrase,High fit; query-shaped; low risk.
Diagnostics & VOR,AdBlue / DPF / NOx,mercedes diagnostics nox near me,phrase,High fit; query-shaped; low risk.
Diagnostics & VOR,Limp Mode / Derate,mercedes diagnostics reduced power,phrase,High fit; query-shaped; low risk.
Diagnostics & VOR,Limp Mode / Derate,mercedes diagnostics reduced power kent,phrase,High fit; query-shaped; low risk.
Diagnostics & VOR,Limp Mode / Derate,mercedes diagnostics reduced power local,phrase,High fit; query-shaped; low risk.
Diagnostics & VOR,Limp Mode / Derate,mercedes diagnostics reduced power near me,phrase,High fit; query-shaped; low risk.
Diagnostics & VOR,VOR / Urgent Van Diagnostics,mercedes diagnostics wont start,phrase,High fit; query-shaped; low risk.
Diagnostics & VOR,VOR / Urgent Van Diagnostics,mercedes diagnostics wont start kent,phrase,High fit; query-shaped; low risk.
Diagnostics & VOR,VOR / Urgent Van Diagnostics,mercedes diagnostics wont start local,phrase,High fit; query-shaped; low risk.
Diagnostics & VOR,VOR / Urgent Van Diagnostics,mercedes diagnostics wont start near me,phrase,High fit; query-shaped; low risk.
Diagnostics & VOR,Standard Diagnosis,mercedes engine check,phrase,High fit; query-shaped; low risk.
Diagnostics & VOR,AdBlue / DPF / NOx,mercedes engine check adblue,phrase,High fit; query-shaped; low risk.
Diagnostics & VOR,AdBlue / DPF / NOx,mercedes engine check adblue kent,phrase,High fit; query-shaped; low risk.
Diagnostics & VOR,AdBlue / DPF / NOx,mercedes engine check adblue local,phrase,High fit; query-shaped; low risk.
Diagnostics & VOR,AdBlue / DPF / NOx,mercedes engine check adblue near me,phrase,High fit; query-shaped; low risk.
Diagnostics & VOR,AdBlue / DPF / NOx,mercedes engine check dpf,phrase,High fit; query-shaped; low risk.
Diagnostics & VOR,AdBlue / DPF / NOx,mercedes engine check dpf kent,phrase,High fit; query-shaped; low risk.
Diagnostics & VOR,AdBlue / DPF / NOx,mercedes engine check dpf local,phrase,High fit; query-shaped; low risk.
Diagnostics & VOR,AdBlue / DPF / NOx,mercedes engine check dpf near me,phrase,High fit; query-shaped; low risk.
Diagnostics & VOR,Standard Diagnosis,mercedes engine check kent,phrase,High fit; query-shaped; low risk.
Diagnostics & VOR,Limp Mode / Derate,mercedes engine check limp mode,phrase,High fit; query-shaped; low risk.
Diagnostics & VOR,Limp Mode / Derate,mercedes engine check limp mode kent,phrase,High fit; query-shaped; low risk.
Diagnostics & VOR,Limp Mode / Derate,mercedes engine check limp mode local,phrase,High fit; query-shaped; low risk.
Diagnostics & VOR,Limp Mode / Derate,mercedes engine check limp mode near me,phrase,High fit; query-shaped; low risk.
Diagnostics & VOR,Standard Diagnosis,mercedes engine check local,phrase,High fit; query-shaped; low risk.
Diagnostics & VOR,Standard Diagnosis,mercedes engine check near me,phrase,High fit; query-shaped; low risk.
Diagnostics & VOR,AdBlue / DPF / NOx,mercedes engine check nox,phrase,High fit; query-shaped; low risk.
Diagnostics & VOR,AdBlue / DPF / NOx,mercedes engine check nox kent,phrase,High fit; query-shaped; low risk.
Diagnostics & VOR,AdBlue / DPF / NOx,mercedes engine check nox local,phrase,High fit; query-shaped; low risk.
Diagnostics & VOR,AdBlue / DPF / NOx,mercedes engine check nox near me,phrase,High fit; query-shaped; low risk.
Diagnostics & VOR,Limp Mode / Derate,mercedes engine check reduced power,phrase,High fit; query-shaped; low risk.
Diagnostics & VOR,Limp Mode / Derate,mercedes engine check reduced power kent,phrase,High fit; query-shaped; low risk.
Diagnostics & VOR,Limp Mode / Derate,mercedes engine check reduced power local,phrase,High fit; query-shaped; low risk.
Diagnostics & VOR,Limp Mode / Derate,mercedes engine check reduced power near me,phrase,High fit; query-shaped; low risk.
Diagnostics & VOR,VOR / Urgent Van Diagnostics,mercedes engine check wont start,phrase,High fit; query-shaped; low risk.
Diagnostics & VOR,VOR / Urgent Van Diagnostics,mercedes engine check wont start kent,phrase,High fit; query-shaped; low risk.
Diagnostics & VOR,VOR / Urgent Van Diagnostics,mercedes engine check wont start local,phrase,High fit; query-shaped; low risk.
Diagnostics & VOR,VOR / Urgent Van Diagnostics,mercedes engine check wont start near me,phrase,High fit; query-shaped; low risk.
Diagnostics & VOR,AdBlue / DPF / NOx,mercedes fault finding adblue near me,phrase,High fit; query-shaped; low risk.
Diagnostics & VOR,AdBlue / DPF / NOx,mercedes fault finding dpf near me,phrase,High fit; query-shaped; low risk.
Diagnostics & VOR,Limp Mode / Derate,mercedes fault finding limp mode near me,phrase,High fit; query-shaped; low risk.
Diagnostics & VOR,Standard Diagnosis,mercedes fault finding near me,phrase,High fit; query-shaped; low risk.
Diagnostics & VOR,AdBlue / DPF / NOx,mercedes fault finding nox near me,phrase,High fit; query-shaped; low risk.
Diagnostics & VOR,Limp Mode / Derate,mercedes fault finding reduced power near me,phrase,High fit; query-shaped; low risk.
Diagnostics & VOR,VOR / Urgent Van Diagnostics,mercedes fault finding wont start near me,phrase,High fit; query-shaped; low risk.
Diagnostics & VOR,Standard Diagnosis,Mercedes independent specialist near me,phrase,High fit; query-shaped; low risk.
Diagnostics & VOR,Standard Diagnosis,mercedes mobile diagnostics near me,exact,High fit; query-shaped; low risk.
Diagnostics & VOR,Standard Diagnosis,Mercedes Sprinter specialist near me,phrase,High fit; query-shaped; low risk.
Diagnostics & VOR,Standard Diagnosis,mercedes star diagnostics near me,phrase,High fit; query-shaped; low risk.
Diagnostics & VOR,Standard Diagnosis,mercedes warning light check,phrase,High fit; query-shaped; low risk.
Diagnostics & VOR,AdBlue / DPF / NOx,mercedes warning light check adblue,phrase,High fit; query-shaped; low risk.
Diagnostics & VOR,AdBlue / DPF / NOx,mercedes warning light check adblue kent,phrase,High fit; query-shaped; low risk.
Diagnostics & VOR,AdBlue / DPF / NOx,mercedes warning light check adblue local,phrase,High fit; query-shaped; low risk.
Diagnostics & VOR,AdBlue / DPF / NOx,mercedes warning light check adblue near me,phrase,High fit; query-shaped; low risk.
Diagnostics & VOR,AdBlue / DPF / NOx,mercedes warning light check dpf,phrase,High fit; query-shaped; low risk.
Diagnostics & VOR,AdBlue / DPF / NOx,mercedes warning light check dpf kent,phrase,High fit; query-shaped; low risk.
Diagnostics & VOR,AdBlue / DPF / NOx,mercedes warning light check dpf local,phrase,High fit; query-shaped; low risk.
Diagnostics & VOR,AdBlue / DPF / NOx,mercedes warning light check dpf near me,phrase,High fit; query-shaped; low risk.
Diagnostics & VOR,Standard Diagnosis,mercedes warning light check kent,phrase,High fit; query-shaped; low risk.
Diagnostics & VOR,Limp Mode / Derate,mercedes warning light check limp mode,phrase,High fit; query-shaped; low risk.
Diagnostics & VOR,Limp Mode / Derate,mercedes warning light check limp mode kent,phrase,High fit; query-shaped; low risk.
Diagnostics & VOR,Limp Mode / Derate,mercedes warning light check limp mode local,phrase,High fit; query-shaped; low risk.
Diagnostics & VOR,Limp Mode / Derate,mercedes warning light check limp mode near me,phrase,High fit; query-shaped; low risk.
Diagnostics & VOR,Standard Diagnosis,mercedes warning light check local,phrase,High fit; query-shaped; low risk.
Diagnostics & VOR,Standard Diagnosis,mercedes warning light check near me,phrase,High fit; query-shaped; low risk.
Diagnostics & VOR,AdBlue / DPF / NOx,mercedes warning light check nox,phrase,High fit; query-shaped; low risk.
Diagnostics & VOR,AdBlue / DPF / NOx,mercedes warning light check nox kent,phrase,High fit; query-shaped; low risk.
Diagnostics & VOR,AdBlue / DPF / NOx,mercedes warning light check nox local,phrase,High fit; query-shaped; low risk.
Diagnostics & VOR,AdBlue / DPF / NOx,mercedes warning light check nox near me,phrase,High fit; query-shaped; low risk.
Diagnostics & VOR,Limp Mode / Derate,mercedes warning light check reduced power,phrase,High fit; query-shaped; low risk.
Diagnostics & VOR,Limp Mode / Derate,mercedes warning light check reduced power kent,phrase,High fit; query-shaped; low risk.
Diagnostics & VOR,Limp Mode / Derate,mercedes warning light check reduced power local,phrase,High fit; query-shaped; low risk.
Diagnostics & VOR,Limp Mode / Derate,mercedes warning light check reduced power near me,phrase,High fit; query-shaped; low risk.
Diagnostics & VOR,VOR / Urgent Van Diagnostics,mercedes warning light check wont start,phrase,High fit; query-shaped; low risk.
Diagnostics & VOR,VOR / Urgent Van Diagnostics,mercedes warning light check wont start kent,phrase,High fit; query-shaped; low risk.
Diagnostics & VOR,VOR / Urgent Van Diagnostics,mercedes warning light check wont start local,phrase,High fit; query-shaped; low risk.
Diagnostics & VOR,VOR / Urgent Van Diagnostics,mercedes warning light check wont start near me,phrase,High fit; query-shaped; low risk.
Diagnostics & VOR,Standard Diagnosis,mobile diagnostic,phrase,High fit; query-shaped; low risk.
Diagnostics & VOR,AdBlue / DPF / NOx,mobile diagnostic adblue,phrase,High fit; query-shaped; low risk.
Diagnostics & VOR,AdBlue / DPF / NOx,mobile diagnostic adblue kent,phrase,High fit; query-shaped; low risk.
Diagnostics & VOR,AdBlue / DPF / NOx,mobile diagnostic adblue local,phrase,High fit; query-shaped; low risk.
Diagnostics & VOR,AdBlue / DPF / NOx,mobile diagnostic adblue near me,phrase,High fit; query-shaped; low risk.
Diagnostics & VOR,AdBlue / DPF / NOx,mobile diagnostic dpf,phrase,High fit; query-shaped; low risk.
Diagnostics & VOR,AdBlue / DPF / NOx,mobile diagnostic dpf kent,phrase,High fit; query-shaped; low risk.
Diagnostics & VOR,AdBlue / DPF / NOx,mobile diagnostic dpf local,phrase,High fit; query-shaped; low risk.
Diagnostics & VOR,AdBlue / DPF / NOx,mobile diagnostic dpf near me,phrase,High fit; query-shaped; low risk.
Diagnostics & VOR,Standard Diagnosis,mobile diagnostic kent,phrase,High fit; query-shaped; low risk.
Diagnostics & VOR,Limp Mode / Derate,mobile diagnostic limp mode,phrase,High fit; query-shaped; low risk.
Diagnostics & VOR,Limp Mode / Derate,mobile diagnostic limp mode kent,phrase,High fit; query-shaped; low risk.
Diagnostics & VOR,Limp Mode / Derate,mobile diagnostic limp mode local,phrase,High fit; query-shaped; low risk.
Diagnostics & VOR,Limp Mode / Derate,mobile diagnostic limp mode near me,phrase,High fit; query-shaped; low risk.
Diagnostics & VOR,Standard Diagnosis,mobile diagnostic local,phrase,High fit; query-shaped; low risk.
Diagnostics & VOR,Standard Diagnosis,mobile diagnostic near me,phrase,High fit; query-shaped; low risk.
Diagnostics & VOR,AdBlue / DPF / NOx,mobile diagnostic nox,phrase,High fit; query-shaped; low risk.
Diagnostics & VOR,AdBlue / DPF / NOx,mobile diagnostic nox kent,phrase,High fit; query-shaped; low risk.
Diagnostics & VOR,AdBlue / DPF / NOx,mobile diagnostic nox local,phrase,High fit; query-shaped; low risk.
Diagnostics & VOR,AdBlue / DPF / NOx,mobile diagnostic nox near me,phrase,High fit; query-shaped; low risk.
Diagnostics & VOR,Limp Mode / Derate,mobile diagnostic reduced power,phrase,High fit; query-shaped; low risk.
Diagnostics & VOR,Limp Mode / Derate,mobile diagnostic reduced power kent,phrase,High fit; query-shaped; low risk.
Diagnostics & VOR,Limp Mode / Derate,mobile diagnostic reduced power local,phrase,High fit; query-shaped; low risk.
Diagnostics & VOR,Limp Mode / Derate,mobile diagnostic reduced power near me,phrase,High fit; query-shaped; low risk.
Diagnostics & VOR,VOR / Urgent Van Diagnostics,mobile diagnostic wont start,phrase,High fit; query-shaped; low risk.
Diagnostics & VOR,VOR / Urgent Van Diagnostics,mobile diagnostic wont start kent,phrase,High fit; query-shaped; low risk.
Diagnostics & VOR,VOR / Urgent Van Diagnostics,mobile diagnostic wont start local,phrase,High fit; query-shaped; low risk.
Diagnostics & VOR,VOR / Urgent Van Diagnostics,mobile diagnostic wont start near me,phrase,High fit; query-shaped; low risk.
Diagnostics & VOR,Standard Diagnosis,mobile diagnostics,phrase,High fit; query-shaped; low risk.
Diagnostics & VOR,AdBlue / DPF / NOx,mobile diagnostics adblue,phrase,High fit; query-shaped; low risk.
Diagnostics & VOR,AdBlue / DPF / NOx,mobile diagnostics adblue kent,phrase,High fit; query-shaped; low risk.
Diagnostics & VOR,AdBlue / DPF / NOx,mobile diagnostics adblue local,phrase,High fit; query-shaped; low risk.
Diagnostics & VOR,AdBlue / DPF / NOx,mobile diagnostics adblue near me,phrase,High fit; query-shaped; low risk.
Diagnostics & VOR,AdBlue / DPF / NOx,mobile diagnostics dpf,phrase,High fit; query-shaped; low risk.
Diagnostics & VOR,AdBlue / DPF / NOx,mobile diagnostics dpf kent,phrase,High fit; query-shaped; low risk.
Diagnostics & VOR,AdBlue / DPF / NOx,mobile diagnostics dpf local,phrase,High fit; query-shaped; low risk.
Diagnostics & VOR,AdBlue / DPF / NOx,mobile diagnostics dpf near me,phrase,High fit; query-shaped; low risk.
Diagnostics & VOR,Standard Diagnosis,mobile diagnostics kent,phrase,High fit; query-shaped; low risk.
Diagnostics & VOR,Limp Mode / Derate,mobile diagnostics limp mode,phrase,High fit; query-shaped; low risk.
Diagnostics & VOR,Limp Mode / Derate,mobile diagnostics limp mode kent,phrase,High fit; query-shaped; low risk.
Diagnostics & VOR,Limp Mode / Derate,mobile diagnostics limp mode local,phrase,High fit; query-shaped; low risk.
Diagnostics & VOR,Limp Mode / Derate,mobile diagnostics limp mode near me,phrase,High fit; query-shaped; low risk.
Diagnostics & VOR,Standard Diagnosis,mobile diagnostics local,phrase,High fit; query-shaped; low risk.
Diagnostics & VOR,Standard Diagnosis,mobile diagnostics near me,phrase,High fit; query-shaped; low risk.
Diagnostics & VOR,AdBlue / DPF / NOx,mobile diagnostics nox,phrase,High fit; query-shaped; low risk.
Diagnostics & VOR,AdBlue / DPF / NOx,mobile diagnostics nox kent,phrase,High fit; query-shaped; low risk.
Diagnostics & VOR,AdBlue / DPF / NOx,mobile diagnostics nox local,phrase,High fit; query-shaped; low risk.
Diagnostics & VOR,AdBlue / DPF / NOx,mobile diagnostics nox near me,phrase,High fit; query-shaped; low risk.
Diagnostics & VOR,Limp Mode / Derate,mobile diagnostics reduced power,phrase,High fit; query-shaped; low risk.
Diagnostics & VOR,Limp Mode / Derate,mobile diagnostics reduced power kent,phrase,High fit; query-shaped; low risk.
Diagnostics & VOR,Limp Mode / Derate,mobile diagnostics reduced power local,phrase,High fit; query-shaped; low risk.
Diagnostics & VOR,Limp Mode / Derate,mobile diagnostics reduced power near me,phrase,High fit; query-shaped; low risk.
Diagnostics & VOR,VOR / Urgent Van Diagnostics,mobile diagnostics wont start,phrase,High fit; query-shaped; low risk.
Diagnostics & VOR,VOR / Urgent Van Diagnostics,mobile diagnostics wont start kent,phrase,High fit; query-shaped; low risk.
Diagnostics & VOR,VOR / Urgent Van Diagnostics,mobile diagnostics wont start local,phrase,High fit; query-shaped; low risk.
Diagnostics & VOR,VOR / Urgent Van Diagnostics,mobile diagnostics wont start near me,phrase,High fit; query-shaped; low risk.
Diagnostics & VOR,Standard Diagnosis,mobile engine check,phrase,High fit; query-shaped; low risk.
Diagnostics & VOR,AdBlue / DPF / NOx,mobile engine check adblue,phrase,High fit; query-shaped; low risk.
Diagnostics & VOR,AdBlue / DPF / NOx,mobile engine check adblue kent,phrase,High fit; query-shaped; low risk.
Diagnostics & VOR,AdBlue / DPF / NOx,mobile engine check adblue local,phrase,High fit; query-shaped; low risk.
Diagnostics & VOR,AdBlue / DPF / NOx,mobile engine check adblue near me,phrase,High fit; query-shaped; low risk.
Diagnostics & VOR,AdBlue / DPF / NOx,mobile engine check dpf,phrase,High fit; query-shaped; low risk.
Diagnostics & VOR,AdBlue / DPF / NOx,mobile engine check dpf kent,phrase,High fit; query-shaped; low risk.
Diagnostics & VOR,AdBlue / DPF / NOx,mobile engine check dpf local,phrase,High fit; query-shaped; low risk.
Diagnostics & VOR,AdBlue / DPF / NOx,mobile engine check dpf near me,phrase,High fit; query-shaped; low risk.
Diagnostics & VOR,Standard Diagnosis,mobile engine check kent,phrase,High fit; query-shaped; low risk.
Diagnostics & VOR,Limp Mode / Derate,mobile engine check limp mode,phrase,High fit; query-shaped; low risk.
Diagnostics & VOR,Limp Mode / Derate,mobile engine check limp mode kent,phrase,High fit; query-shaped; low risk.
Diagnostics & VOR,Limp Mode / Derate,mobile engine check limp mode local,phrase,High fit; query-shaped; low risk.
Diagnostics & VOR,Limp Mode / Derate,mobile engine check limp mode near me,phrase,High fit; query-shaped; low risk.
Diagnostics & VOR,Standard Diagnosis,mobile engine check local,phrase,High fit; query-shaped; low risk.
Diagnostics & VOR,Standard Diagnosis,mobile engine check near me,phrase,High fit; query-shaped; low risk.
Diagnostics & VOR,AdBlue / DPF / NOx,mobile engine check nox,phrase,High fit; query-shaped; low risk.
Diagnostics & VOR,AdBlue / DPF / NOx,mobile engine check nox kent,phrase,High fit; query-shaped; low risk.
Diagnostics & VOR,AdBlue / DPF / NOx,mobile engine check nox local,phrase,High fit; query-shaped; low risk.
Diagnostics & VOR,AdBlue / DPF / NOx,mobile engine check nox near me,phrase,High fit; query-shaped; low risk.
Diagnostics & VOR,Limp Mode / Derate,mobile engine check reduced power,phrase,High fit; query-shaped; low risk.
Diagnostics & VOR,Limp Mode / Derate,mobile engine check reduced power kent,phrase,High fit; query-shaped; low risk.
Diagnostics & VOR,Limp Mode / Derate,mobile engine check reduced power local,phrase,High fit; query-shaped; low risk.
Diagnostics & VOR,Limp Mode / Derate,mobile engine check reduced power near me,phrase,High fit; query-shaped; low risk.
Diagnostics & VOR,VOR / Urgent Van Diagnostics,mobile engine check wont start,phrase,High fit; query-shaped; low risk.
Diagnostics & VOR,VOR / Urgent Van Diagnostics,mobile engine check wont start kent,phrase,High fit; query-shaped; low risk.
Diagnostics & VOR,VOR / Urgent Van Diagnostics,mobile engine check wont start local,phrase,High fit; query-shaped; low risk.
Diagnostics & VOR,VOR / Urgent Van Diagnostics,mobile engine check wont start near me,phrase,High fit; query-shaped; low risk.
Diagnostics & VOR,Standard Diagnosis,mobile engine diagnostics near me,phrase,High fit; query-shaped; low risk.
Diagnostics & VOR,AdBlue / DPF / NOx,mobile fault finding adblue near me,phrase,High fit; query-shaped; low risk.
Diagnostics & VOR,AdBlue / DPF / NOx,mobile fault finding dpf near me,phrase,High fit; query-shaped; low risk.
Diagnostics & VOR,Limp Mode / Derate,mobile fault finding limp mode near me,phrase,High fit; query-shaped; low risk.
Diagnostics & VOR,Standard Diagnosis,mobile fault finding near me,phrase,High fit; query-shaped; low risk.
Diagnostics & VOR,AdBlue / DPF / NOx,mobile fault finding nox near me,phrase,High fit; query-shaped; low risk.
Diagnostics & VOR,Limp Mode / Derate,mobile fault finding reduced power near me,phrase,High fit; query-shaped; low risk.
Diagnostics & VOR,VOR / Urgent Van Diagnostics,mobile fault finding wont start near me,phrase,High fit; query-shaped; low risk.
Diagnostics & VOR,Standard Diagnosis,Mobile mechanic near me,phrase,High fit; query-shaped; low risk.
Diagnostics & VOR,Standard Diagnosis,mobile mercedes diagnostics,phrase,High fit; query-shaped; low risk.
Diagnostics & VOR,Standard Diagnosis,Mobile mercedes diagnostics london,phrase,High fit; query-shaped; low risk.
Diagnostics & VOR,Standard Diagnosis,Mobile mercedes diagnostics near me,exact,High fit; query-shaped; low risk.
Diagnostics & VOR,Standard Diagnosis,mobile mercedes star diagnostic,phrase,High fit; query-shaped; low risk.
Diagnostics & VOR,Standard Diagnosis,mobile van diagnostics near me,exact,High fit; query-shaped; low risk.
Diagnostics & VOR,Standard Diagnosis,mobile vehicle diagnostics near me,phrase,High fit; query-shaped; low risk.
Diagnostics & VOR,Standard Diagnosis,mobile warning light check,phrase,High fit; query-shaped; low risk.
Diagnostics & VOR,AdBlue / DPF / NOx,mobile warning light check adblue,phrase,High fit; query-shaped; low risk.
Diagnostics & VOR,AdBlue / DPF / NOx,mobile warning light check adblue kent,phrase,High fit; query-shaped; low risk.
Diagnostics & VOR,AdBlue / DPF / NOx,mobile warning light check adblue local,phrase,High fit; query-shaped; low risk.
Diagnostics & VOR,AdBlue / DPF / NOx,mobile warning light check adblue near me,phrase,High fit; query-shaped; low risk.
Diagnostics & VOR,AdBlue / DPF / NOx,mobile warning light check dpf,phrase,High fit; query-shaped; low risk.
Diagnostics & VOR,AdBlue / DPF / NOx,mobile warning light check dpf kent,phrase,High fit; query-shaped; low risk.
Diagnostics & VOR,AdBlue / DPF / NOx,mobile warning light check dpf local,phrase,High fit; query-shaped; low risk.
Diagnostics & VOR,AdBlue / DPF / NOx,mobile warning light check dpf near me,phrase,High fit; query-shaped; low risk.
Diagnostics & VOR,Standard Diagnosis,mobile warning light check kent,phrase,High fit; query-shaped; low risk.
Diagnostics & VOR,Limp Mode / Derate,mobile warning light check limp mode,phrase,High fit; query-shaped; low risk.
Diagnostics & VOR,Limp Mode / Derate,mobile warning light check limp mode kent,phrase,High fit; query-shaped; low risk.
Diagnostics & VOR,Limp Mode / Derate,mobile warning light check limp mode local,phrase,High fit; query-shaped; low risk.
Diagnostics & VOR,Limp Mode / Derate,mobile warning light check limp mode near me,phrase,High fit; query-shaped; low risk.
Diagnostics & VOR,Standard Diagnosis,mobile warning light check local,phrase,High fit; query-shaped; low risk.
Diagnostics & VOR,Standard Diagnosis,mobile warning light check near me,phrase,High fit; query-shaped; low risk.
Diagnostics & VOR,AdBlue / DPF / NOx,mobile warning light check nox,phrase,High fit; query-shaped; low risk.
Diagnostics & VOR,AdBlue / DPF / NOx,mobile warning light check nox kent,phrase,High fit; query-shaped; low risk.
Diagnostics & VOR,AdBlue / DPF / NOx,mobile warning light check nox local,phrase,High fit; query-shaped; low risk.
Diagnostics & VOR,AdBlue / DPF / NOx,mobile warning light check nox near me,phrase,High fit; query-shaped; low risk.
Diagnostics & VOR,Limp Mode / Derate,mobile warning light check reduced power,phrase,High fit; query-shaped; low risk.
Diagnostics & VOR,Limp Mode / Derate,mobile warning light check reduced power kent,phrase,High fit; query-shaped; low risk.
Diagnostics & VOR,Limp Mode / Derate,mobile warning light check reduced power local,phrase,High fit; query-shaped; low risk.
Diagnostics & VOR,Limp Mode / Derate,mobile warning light check reduced power near me,phrase,High fit; query-shaped; low risk.
Diagnostics & VOR,VOR / Urgent Van Diagnostics,mobile warning light check wont start,phrase,High fit; query-shaped; low risk.
Diagnostics & VOR,VOR / Urgent Van Diagnostics,mobile warning light check wont start kent,phrase,High fit; query-shaped; low risk.
Diagnostics & VOR,VOR / Urgent Van Diagnostics,mobile warning light check wont start local,phrase,High fit; query-shaped; low risk.
Diagnostics & VOR,VOR / Urgent Van Diagnostics,mobile warning light check wont start near me,phrase,High fit; query-shaped; low risk.
Diagnostics & VOR,Standard Diagnosis,Paul mobile Mercedes mechanic,phrase,High fit; query-shaped; low risk.
Diagnostics & VOR,Standard Diagnosis,sprinter diagnostic,phrase,High fit; query-shaped; low risk.
Diagnostics & VOR,AdBlue / DPF / NOx,sprinter diagnostic adblue,phrase,High fit; query-shaped; low risk.
Diagnostics & VOR,AdBlue / DPF / NOx,sprinter diagnostic adblue kent,phrase,High fit; query-shaped; low risk.
Diagnostics & VOR,AdBlue / DPF / NOx,sprinter diagnostic adblue local,phrase,High fit; query-shaped; low risk.
Diagnostics & VOR,AdBlue / DPF / NOx,sprinter diagnostic adblue near me,phrase,High fit; query-shaped; low risk.
Diagnostics & VOR,AdBlue / DPF / NOx,sprinter diagnostic dpf,phrase,High fit; query-shaped; low risk.
Diagnostics & VOR,AdBlue / DPF / NOx,sprinter diagnostic dpf kent,phrase,High fit; query-shaped; low risk.
Diagnostics & VOR,AdBlue / DPF / NOx,sprinter diagnostic dpf local,phrase,High fit; query-shaped; low risk.
Diagnostics & VOR,AdBlue / DPF / NOx,sprinter diagnostic dpf near me,phrase,High fit; query-shaped; low risk.
Diagnostics & VOR,Standard Diagnosis,sprinter diagnostic kent,phrase,High fit; query-shaped; low risk.
Diagnostics & VOR,Limp Mode / Derate,sprinter diagnostic limp mode,phrase,High fit; query-shaped; low risk.
Diagnostics & VOR,Limp Mode / Derate,sprinter diagnostic limp mode kent,phrase,High fit; query-shaped; low risk.
Diagnostics & VOR,Limp Mode / Derate,sprinter diagnostic limp mode local,phrase,High fit; query-shaped; low risk.
Diagnostics & VOR,Limp Mode / Derate,sprinter diagnostic limp mode near me,phrase,High fit; query-shaped; low risk.
Diagnostics & VOR,Standard Diagnosis,sprinter diagnostic local,phrase,High fit; query-shaped; low risk.
Diagnostics & VOR,Standard Diagnosis,sprinter diagnostic near me,phrase,High fit; query-shaped; low risk.
Diagnostics & VOR,AdBlue / DPF / NOx,sprinter diagnostic nox,phrase,High fit; query-shaped; low risk.
Diagnostics & VOR,AdBlue / DPF / NOx,sprinter diagnostic nox kent,phrase,High fit; query-shaped; low risk.
Diagnostics & VOR,AdBlue / DPF / NOx,sprinter diagnostic nox local,phrase,High fit; query-shaped; low risk.
Diagnostics & VOR,AdBlue / DPF / NOx,sprinter diagnostic nox near me,phrase,High fit; query-shaped; low risk.
Diagnostics & VOR,Limp Mode / Derate,sprinter diagnostic reduced power,phrase,High fit; query-shaped; low risk.
Diagnostics & VOR,Limp Mode / Derate,sprinter diagnostic reduced power kent,phrase,High fit; query-shaped; low risk.
Diagnostics & VOR,Limp Mode / Derate,sprinter diagnostic reduced power local,phrase,High fit; query-shaped; low risk.
Diagnostics & VOR,Limp Mode / Derate,sprinter diagnostic reduced power near me,phrase,High fit; query-shaped; low risk.
Diagnostics & VOR,VOR / Urgent Van Diagnostics,sprinter diagnostic wont start,phrase,High fit; query-shaped; low risk.
Diagnostics & VOR,VOR / Urgent Van Diagnostics,sprinter diagnostic wont start kent,phrase,High fit; query-shaped; low risk.
Diagnostics & VOR,VOR / Urgent Van Diagnostics,sprinter diagnostic wont start local,phrase,High fit; query-shaped; low risk.
Diagnostics & VOR,VOR / Urgent Van Diagnostics,sprinter diagnostic wont start near me,phrase,High fit; query-shaped; low risk.
Diagnostics & VOR,Standard Diagnosis,sprinter diagnostics,phrase,High fit; query-shaped; low risk.
Diagnostics & VOR,AdBlue / DPF / NOx,sprinter diagnostics adblue,phrase,High fit; query-shaped; low risk.
Diagnostics & VOR,AdBlue / DPF / NOx,sprinter diagnostics adblue kent,phrase,High fit; query-shaped; low risk.
Diagnostics & VOR,AdBlue / DPF / NOx,sprinter diagnostics adblue local,phrase,High fit; query-shaped; low risk.
Diagnostics & VOR,AdBlue / DPF / NOx,sprinter diagnostics adblue near me,phrase,High fit; query-shaped; low risk.
Diagnostics & VOR,AdBlue / DPF / NOx,sprinter diagnostics dpf,phrase,High fit; query-shaped; low risk.
Diagnostics & VOR,AdBlue / DPF / NOx,sprinter diagnostics dpf kent,phrase,High fit; query-shaped; low risk.
Diagnostics & VOR,AdBlue / DPF / NOx,sprinter diagnostics dpf local,phrase,High fit; query-shaped; low risk.
Diagnostics & VOR,AdBlue / DPF / NOx,sprinter diagnostics dpf near me,phrase,High fit; query-shaped; low risk.
Diagnostics & VOR,Standard Diagnosis,sprinter diagnostics kent,phrase,High fit; query-shaped; low risk.
Diagnostics & VOR,Limp Mode / Derate,sprinter diagnostics limp mode,phrase,High fit; query-shaped; low risk.
Diagnostics & VOR,Limp Mode / Derate,sprinter diagnostics limp mode kent,phrase,High fit; query-shaped; low risk.
Diagnostics & VOR,Limp Mode / Derate,sprinter diagnostics limp mode local,phrase,High fit; query-shaped; low risk.
Diagnostics & VOR,Limp Mode / Derate,sprinter diagnostics limp mode near me,phrase,High fit; query-shaped; low risk.
Diagnostics & VOR,Standard Diagnosis,sprinter diagnostics local,phrase,High fit; query-shaped; low risk.
Diagnostics & VOR,Standard Diagnosis,sprinter diagnostics near me,phrase,High fit; query-shaped; low risk.
Diagnostics & VOR,AdBlue / DPF / NOx,sprinter diagnostics nox,phrase,High fit; query-shaped; low risk.
Diagnostics & VOR,AdBlue / DPF / NOx,sprinter diagnostics nox kent,phrase,High fit; query-shaped; low risk.
Diagnostics & VOR,AdBlue / DPF / NOx,sprinter diagnostics nox local,phrase,High fit; query-shaped; low risk.
Diagnostics & VOR,AdBlue / DPF / NOx,sprinter diagnostics nox near me,phrase,High fit; query-shaped; low risk.
Diagnostics & VOR,Limp Mode / Derate,sprinter diagnostics reduced power,phrase,High fit; query-shaped; low risk.
Diagnostics & VOR,Limp Mode / Derate,sprinter diagnostics reduced power kent,phrase,High fit; query-shaped; low risk.
Diagnostics & VOR,Limp Mode / Derate,sprinter diagnostics reduced power local,phrase,High fit; query-shaped; low risk.
Diagnostics & VOR,Limp Mode / Derate,sprinter diagnostics reduced power near me,phrase,High fit; query-shaped; low risk.
Diagnostics & VOR,VOR / Urgent Van Diagnostics,sprinter diagnostics wont start,phrase,High fit; query-shaped; low risk.
Diagnostics & VOR,VOR / Urgent Van Diagnostics,sprinter diagnostics wont start kent,phrase,High fit; query-shaped; low risk.
Diagnostics & VOR,VOR / Urgent Van Diagnostics,sprinter diagnostics wont start local,phrase,High fit; query-shaped; low risk.
Diagnostics & VOR,VOR / Urgent Van Diagnostics,sprinter diagnostics wont start near me,phrase,High fit; query-shaped; low risk.
Diagnostics & VOR,AdBlue / DPF / NOx,sprinter fault finding adblue near me,phrase,High fit; query-shaped; low risk.
Diagnostics & VOR,AdBlue / DPF / NOx,sprinter fault finding dpf near me,phrase,High fit; query-shaped; low risk.
Diagnostics & VOR,Limp Mode / Derate,sprinter fault finding limp mode near me,phrase,High fit; query-shaped; low risk.
Diagnostics & VOR,Standard Diagnosis,sprinter fault finding near me,phrase,High fit; query-shaped; low risk.
Diagnostics & VOR,AdBlue / DPF / NOx,sprinter fault finding nox near me,phrase,High fit; query-shaped; low risk.
Diagnostics & VOR,Limp Mode / Derate,sprinter fault finding reduced power near me,phrase,High fit; query-shaped; low risk.
Diagnostics & VOR,VOR / Urgent Van Diagnostics,sprinter fault finding wont start near me,phrase,High fit; query-shaped; low risk.
Diagnostics & VOR,Standard Diagnosis,van diagnostic,phrase,High fit; query-shaped; low risk.
Diagnostics & VOR,AdBlue / DPF / NOx,van diagnostic adblue,phrase,High fit; query-shaped; low risk.
Diagnostics & VOR,AdBlue / DPF / NOx,van diagnostic adblue kent,phrase,High fit; query-shaped; low risk.
Diagnostics & VOR,AdBlue / DPF / NOx,van diagnostic adblue local,phrase,High fit; query-shaped; low risk.
Diagnostics & VOR,AdBlue / DPF / NOx,van diagnostic adblue near me,phrase,High fit; query-shaped; low risk.
Diagnostics & VOR,AdBlue / DPF / NOx,van diagnostic dpf,phrase,High fit; query-shaped; low risk.
Diagnostics & VOR,AdBlue / DPF / NOx,van diagnostic dpf kent,phrase,High fit; query-shaped; low risk.
Diagnostics & VOR,AdBlue / DPF / NOx,van diagnostic dpf local,phrase,High fit; query-shaped; low risk.
Diagnostics & VOR,AdBlue / DPF / NOx,van diagnostic dpf near me,phrase,High fit; query-shaped; low risk.
Diagnostics & VOR,Standard Diagnosis,van diagnostic kent,phrase,High fit; query-shaped; low risk.
Diagnostics & VOR,Limp Mode / Derate,van diagnostic limp mode,phrase,High fit; query-shaped; low risk.
Diagnostics & VOR,Limp Mode / Derate,van diagnostic limp mode kent,phrase,High fit; query-shaped; low risk.
Diagnostics & VOR,Limp Mode / Derate,van diagnostic limp mode local,phrase,High fit; query-shaped; low risk.
Diagnostics & VOR,Limp Mode / Derate,van diagnostic limp mode near me,phrase,High fit; query-shaped; low risk.
Diagnostics & VOR,Standard Diagnosis,van diagnostic local,phrase,High fit; query-shaped; low risk.
Diagnostics & VOR,Standard Diagnosis,van diagnostic near me,phrase,High fit; query-shaped; low risk.
Diagnostics & VOR,AdBlue / DPF / NOx,van diagnostic nox,phrase,High fit; query-shaped; low risk.
Diagnostics & VOR,AdBlue / DPF / NOx,van diagnostic nox kent,phrase,High fit; query-shaped; low risk.
Diagnostics & VOR,AdBlue / DPF / NOx,van diagnostic nox local,phrase,High fit; query-shaped; low risk.
Diagnostics & VOR,AdBlue / DPF / NOx,van diagnostic nox near me,phrase,High fit; query-shaped; low risk.
Diagnostics & VOR,Limp Mode / Derate,van diagnostic reduced power,phrase,High fit; query-shaped; low risk.
Diagnostics & VOR,Limp Mode / Derate,van diagnostic reduced power kent,phrase,High fit; query-shaped; low risk.
Diagnostics & VOR,Limp Mode / Derate,van diagnostic reduced power local,phrase,High fit; query-shaped; low risk.
Diagnostics & VOR,Limp Mode / Derate,van diagnostic reduced power near me,phrase,High fit; query-shaped; low risk.
Diagnostics & VOR,VOR / Urgent Van Diagnostics,van diagnostic wont start,phrase,High fit; query-shaped; low risk.
Diagnostics & VOR,VOR / Urgent Van Diagnostics,van diagnostic wont start kent,phrase,High fit; query-shaped; low risk.
Diagnostics & VOR,VOR / Urgent Van Diagnostics,van diagnostic wont start local,phrase,High fit; query-shaped; low risk.
Diagnostics & VOR,VOR / Urgent Van Diagnostics,van diagnostic wont start near me,phrase,High fit; query-shaped; low risk.
Diagnostics & VOR,Standard Diagnosis,van diagnostics,phrase,High fit; query-shaped; low risk.
Diagnostics & VOR,AdBlue / DPF / NOx,van diagnostics adblue,phrase,High fit; query-shaped; low risk.
Diagnostics & VOR,AdBlue / DPF / NOx,van diagnostics adblue kent,phrase,High fit; query-shaped; low risk.
Diagnostics & VOR,AdBlue / DPF / NOx,van diagnostics adblue local,phrase,High fit; query-shaped; low risk.
Diagnostics & VOR,AdBlue / DPF / NOx,van diagnostics adblue near me,phrase,High fit; query-shaped; low risk.
Diagnostics & VOR,AdBlue / DPF / NOx,van diagnostics dpf,phrase,High fit; query-shaped; low risk.
Diagnostics & VOR,AdBlue / DPF / NOx,van diagnostics dpf kent,phrase,High fit; query-shaped; low risk.
Diagnostics & VOR,AdBlue / DPF / NOx,van diagnostics dpf local,phrase,High fit; query-shaped; low risk.
Diagnostics & VOR,AdBlue / DPF / NOx,van diagnostics dpf near me,phrase,High fit; query-shaped; low risk.
Diagnostics & VOR,Standard Diagnosis,Van Diagnostics in London | Pace Van Hire,phrase,High fit; query-shaped; low risk.
Diagnostics & VOR,Standard Diagnosis,van diagnostics kent,phrase,High fit; query-shaped; low risk.
Diagnostics & VOR,Limp Mode / Derate,van diagnostics limp mode,phrase,High fit; query-shaped; low risk.
Diagnostics & VOR,Limp Mode / Derate,van diagnostics limp mode kent,phrase,High fit; query-shaped; low risk.
Diagnostics & VOR,Limp Mode / Derate,van diagnostics limp mode local,phrase,High fit; query-shaped; low risk.
Diagnostics & VOR,Limp Mode / Derate,van diagnostics limp mode near me,phrase,High fit; query-shaped; low risk.
Diagnostics & VOR,Standard Diagnosis,van diagnostics local,phrase,High fit; query-shaped; low risk.
Diagnostics & VOR,Standard Diagnosis,van diagnostics near kent,phrase,High fit; query-shaped; low risk.
Diagnostics & VOR,Standard Diagnosis,van diagnostics near maidstone,phrase,High fit; query-shaped; low risk.
Diagnostics & VOR,Standard Diagnosis,van diagnostics near me,phrase,High fit; query-shaped; low risk.
Diagnostics & VOR,AdBlue / DPF / NOx,van diagnostics nox,phrase,High fit; query-shaped; low risk.
Diagnostics & VOR,AdBlue / DPF / NOx,van diagnostics nox kent,phrase,High fit; query-shaped; low risk.
Diagnostics & VOR,AdBlue / DPF / NOx,van diagnostics nox local,phrase,High fit; query-shaped; low risk.
Diagnostics & VOR,AdBlue / DPF / NOx,van diagnostics nox near me,phrase,High fit; query-shaped; low risk.
Diagnostics & VOR,Limp Mode / Derate,van diagnostics reduced power,phrase,High fit; query-shaped; low risk.
Diagnostics & VOR,Limp Mode / Derate,van diagnostics reduced power kent,phrase,High fit; query-shaped; low risk.
Diagnostics & VOR,Limp Mode / Derate,van diagnostics reduced power local,phrase,High fit; query-shaped; low risk.
Diagnostics & VOR,Limp Mode / Derate,van diagnostics reduced power near me,phrase,High fit; query-shaped; low risk.
Diagnostics & VOR,VOR / Urgent Van Diagnostics,van diagnostics wont start,phrase,High fit; query-shaped; low risk.
Diagnostics & VOR,VOR / Urgent Van Diagnostics,van diagnostics wont start kent,phrase,High fit; query-shaped; low risk.
Diagnostics & VOR,VOR / Urgent Van Diagnostics,van diagnostics wont start local,phrase,High fit; query-shaped; low risk.
Diagnostics & VOR,VOR / Urgent Van Diagnostics,van diagnostics wont start near me,phrase,High fit; query-shaped; low risk.
Diagnostics & VOR,Standard Diagnosis,van engine check,phrase,High fit; query-shaped; low risk.
Diagnostics & VOR,AdBlue / DPF / NOx,van engine check adblue,phrase,High fit; query-shaped; low risk.
Diagnostics & VOR,AdBlue / DPF / NOx,van engine check adblue kent,phrase,High fit; query-shaped; low risk.
Diagnostics & VOR,AdBlue / DPF / NOx,van engine check adblue local,phrase,High fit; query-shaped; low risk.
Diagnostics & VOR,AdBlue / DPF / NOx,van engine check adblue near me,phrase,High fit; query-shaped; low risk.
Diagnostics & VOR,AdBlue / DPF / NOx,van engine check dpf,phrase,High fit; query-shaped; low risk.
Diagnostics & VOR,AdBlue / DPF / NOx,van engine check dpf kent,phrase,High fit; query-shaped; low risk.
Diagnostics & VOR,AdBlue / DPF / NOx,van engine check dpf local,phrase,High fit; query-shaped; low risk.
Diagnostics & VOR,AdBlue / DPF / NOx,van engine check dpf near me,phrase,High fit; query-shaped; low risk.
Diagnostics & VOR,Standard Diagnosis,van engine check kent,phrase,High fit; query-shaped; low risk.
Diagnostics & VOR,Limp Mode / Derate,van engine check limp mode,phrase,High fit; query-shaped; low risk.
Diagnostics & VOR,Limp Mode / Derate,van engine check limp mode kent,phrase,High fit; query-shaped; low risk.
Diagnostics & VOR,Limp Mode / Derate,van engine check limp mode local,phrase,High fit; query-shaped; low risk.
Diagnostics & VOR,Limp Mode / Derate,van engine check limp mode near me,phrase,High fit; query-shaped; low risk.
Diagnostics & VOR,Standard Diagnosis,van engine check local,phrase,High fit; query-shaped; low risk.
Diagnostics & VOR,Standard Diagnosis,van engine check near me,phrase,High fit; query-shaped; low risk.
Diagnostics & VOR,AdBlue / DPF / NOx,van engine check nox,phrase,High fit; query-shaped; low risk.
Diagnostics & VOR,AdBlue / DPF / NOx,van engine check nox kent,phrase,High fit; query-shaped; low risk.
Diagnostics & VOR,AdBlue / DPF / NOx,van engine check nox local,phrase,High fit; query-shaped; low risk.
Diagnostics & VOR,AdBlue / DPF / NOx,van engine check nox near me,phrase,High fit; query-shaped; low risk.
Diagnostics & VOR,Limp Mode / Derate,van engine check reduced power,phrase,High fit; query-shaped; low risk.
Diagnostics & VOR,Limp Mode / Derate,van engine check reduced power kent,phrase,High fit; query-shaped; low risk.
Diagnostics & VOR,Limp Mode / Derate,van engine check reduced power local,phrase,High fit; query-shaped; low risk.
Diagnostics & VOR,Limp Mode / Derate,van engine check reduced power near me,phrase,High fit; query-shaped; low risk.
Diagnostics & VOR,VOR / Urgent Van Diagnostics,van engine check wont start,phrase,High fit; query-shaped; low risk.
Diagnostics & VOR,VOR / Urgent Van Diagnostics,van engine check wont start kent,phrase,High fit; query-shaped; low risk.
Diagnostics & VOR,VOR / Urgent Van Diagnostics,van engine check wont start local,phrase,High fit; query-shaped; low risk.
Diagnostics & VOR,VOR / Urgent Van Diagnostics,van engine check wont start near me,phrase,High fit; query-shaped; low risk.
Diagnostics & VOR,AdBlue / DPF / NOx,van fault finding adblue near me,phrase,High fit; query-shaped; low risk.
Diagnostics & VOR,AdBlue / DPF / NOx,van fault finding dpf near me,phrase,High fit; query-shaped; low risk.
Diagnostics & VOR,Limp Mode / Derate,van fault finding limp mode near me,phrase,High fit; query-shaped; low risk.
Diagnostics & VOR,Standard Diagnosis,van fault finding near me,phrase,High fit; query-shaped; low risk.
Diagnostics & VOR,AdBlue / DPF / NOx,van fault finding nox near me,phrase,High fit; query-shaped; low risk.
Diagnostics & VOR,Limp Mode / Derate,van fault finding reduced power near me,phrase,High fit; query-shaped; low risk.
Diagnostics & VOR,VOR / Urgent Van Diagnostics,van fault finding wont start near me,phrase,High fit; query-shaped; low risk.
Diagnostics & VOR,Standard Diagnosis,van warning light check,phrase,High fit; query-shaped; low risk.
Diagnostics & VOR,AdBlue / DPF / NOx,van warning light check adblue,phrase,High fit; query-shaped; low risk.
Diagnostics & VOR,AdBlue / DPF / NOx,van warning light check adblue kent,phrase,High fit; query-shaped; low risk.
Diagnostics & VOR,AdBlue / DPF / NOx,van warning light check adblue local,phrase,High fit; query-shaped; low risk.
Diagnostics & VOR,AdBlue / DPF / NOx,van warning light check adblue near me,phrase,High fit; query-shaped; low risk.
Diagnostics & VOR,AdBlue / DPF / NOx,van warning light check dpf,phrase,High fit; query-shaped; low risk.
Diagnostics & VOR,AdBlue / DPF / NOx,van warning light check dpf kent,phrase,High fit; query-shaped; low risk.
Diagnostics & VOR,AdBlue / DPF / NOx,van warning light check dpf local,phrase,High fit; query-shaped; low risk.
Diagnostics & VOR,AdBlue / DPF / NOx,van warning light check dpf near me,phrase,High fit; query-shaped; low risk.
Diagnostics & VOR,Standard Diagnosis,van warning light check kent,phrase,High fit; query-shaped; low risk.
Diagnostics & VOR,Limp Mode / Derate,van warning light check limp mode,phrase,High fit; query-shaped; low risk.
Diagnostics & VOR,Limp Mode / Derate,van warning light check limp mode kent,phrase,High fit; query-shaped; low risk.
Diagnostics & VOR,Limp Mode / Derate,van warning light check limp mode local,phrase,High fit; query-shaped; low risk.
Diagnostics & VOR,Limp Mode / Derate,van warning light check limp mode near me,phrase,High fit; query-shaped; low risk.
Diagnostics & VOR,Standard Diagnosis,van warning light check local,phrase,High fit; query-shaped; low risk.
Diagnostics & VOR,Standard Diagnosis,van warning light check near me,phrase,High fit; query-shaped; low risk.
Diagnostics & VOR,AdBlue / DPF / NOx,van warning light check nox,phrase,High fit; query-shaped; low risk.
Diagnostics & VOR,AdBlue / DPF / NOx,van warning light check nox kent,phrase,High fit; query-shaped; low risk.
Diagnostics & VOR,AdBlue / DPF / NOx,van warning light check nox local,phrase,High fit; query-shaped; low risk.
Diagnostics & VOR,AdBlue / DPF / NOx,van warning light check nox near me,phrase,High fit; query-shaped; low risk.
Diagnostics & VOR,Limp Mode / Derate,van warning light check reduced power,phrase,High fit; query-shaped; low risk.
Diagnostics & VOR,Limp Mode / Derate,van warning light check reduced power kent,phrase,High fit; query-shaped; low risk.
Diagnostics & VOR,Limp Mode / Derate,van warning light check reduced power local,phrase,High fit; query-shaped; low risk.
Diagnostics & VOR,Limp Mode / Derate,van warning light check reduced power near me,phrase,High fit; query-shaped; low risk.
Diagnostics & VOR,VOR / Urgent Van Diagnostics,van warning light check wont start,phrase,High fit; query-shaped; low risk.
Diagnostics & VOR,VOR / Urgent Van Diagnostics,van warning light check wont start kent,phrase,High fit; query-shaped; low risk.
Diagnostics & VOR,VOR / Urgent Van Diagnostics,van warning light check wont start local,phrase,High fit; query-shaped; low risk.
Diagnostics & VOR,VOR / Urgent Van Diagnostics,van warning light check wont start near me,phrase,High fit; query-shaped; low risk.
Diagnostics & VOR,Standard Diagnosis,vehicle diagnostics near me,phrase,High fit; query-shaped; low risk.
Diagnostics & VOR,Standard Diagnosis,vehicle diagnostics near me within 5 mi,phrase,High fit; query-shaped; low risk.
Diagnostics & VOR,Standard Diagnosis,vehicle electrical diagnostics near me,phrase,High fit; query-shaped; low risk.
Mercedes Van Servicing,Sprinter Servicing,24 hour mobile sprinter service,phrase,High fit; query-shaped; low risk.
Mercedes Van Servicing,Sprinter Servicing,Kwik Fit boosts mobile service with 100+ Sprinter vans,phrase,High fit; query-shaped; low risk.
Mercedes Van Servicing,Mercedes Van Servicing,London Mobile Van Mechanic for Mercedes Sprinter,phrase,High fit; query-shaped; low risk.
Mercedes Van Servicing,Mercedes Van Servicing,Mercedes approved service near me,phrase,High fit; query-shaped; low risk.
Mercedes Van Servicing,Mercedes Van Servicing,Mercedes benz Service Maidstone,phrase,High fit; query-shaped; low risk.
Mercedes Van Servicing,Sprinter Servicing,Mercedes Benz Sprinter Service,phrase,High fit; query-shaped; low risk.
Mercedes Van Servicing,Mercedes Van Servicing,mercedes brake,phrase,High fit; query-shaped; low risk.
Mercedes Van Servicing,Mercedes Van Servicing,mercedes brake local,phrase,High fit; query-shaped; low risk.
Mercedes Van Servicing,Mercedes Van Servicing,mercedes brake major,phrase,High fit; query-shaped; low risk.
Mercedes Van Servicing,Mercedes Van Servicing,mercedes brake major local,phrase,High fit; query-shaped; low risk.
Mercedes Van Servicing,Mercedes Van Servicing,mercedes brake major mobile,phrase,High fit; query-shaped; low risk.
Mercedes Van Servicing,Mercedes Van Servicing,mercedes brake major near me,phrase,High fit; query-shaped; low risk.
Mercedes Van Servicing,Mercedes Van Servicing,mercedes brake minor,phrase,High fit; query-shaped; low risk.
Mercedes Van Servicing,Mercedes Van Servicing,mercedes brake minor local,phrase,High fit; query-shaped; low risk.
Mercedes Van Servicing,Mercedes Van Servicing,mercedes brake minor mobile,phrase,High fit; query-shaped; low risk.
Mercedes Van Servicing,Mercedes Van Servicing,mercedes brake minor near me,phrase,High fit; query-shaped; low risk.
Mercedes Van Servicing,Mercedes Van Servicing,mercedes brake mobile,phrase,High fit; query-shaped; low risk.
Mercedes Van Servicing,Mercedes Van Servicing,mercedes brake near me,phrase,High fit; query-shaped; low risk.
Mercedes Van Servicing,Mercedes Van Servicing,mercedes brake pads,phrase,High fit; query-shaped; low risk.
Mercedes Van Servicing,Mercedes Van Servicing,mercedes brake pads local,phrase,High fit; query-shaped; low risk.
Mercedes Van Servicing,Mercedes Van Servicing,mercedes brake pads major,phrase,High fit; query-shaped; low risk.
Mercedes Van Servicing,Mercedes Van Servicing,mercedes brake pads major local,phrase,High fit; query-shaped; low risk.
Mercedes Van Servicing,Mercedes Van Servicing,mercedes brake pads major mobile,phrase,High fit; query-shaped; low risk.
Mercedes Van Servicing,Mercedes Van Servicing,mercedes brake pads major near me,phrase,High fit; query-shaped; low risk.
Mercedes Van Servicing,Mercedes Van Servicing,mercedes brake pads minor,phrase,High fit; query-shaped; low risk.
Mercedes Van Servicing,Mercedes Van Servicing,mercedes brake pads minor local,phrase,High fit; query-shaped; low risk.
Mercedes Van Servicing,Mercedes Van Servicing,mercedes brake pads minor mobile,phrase,High fit; query-shaped; low risk.
Mercedes Van Servicing,Mercedes Van Servicing,mercedes brake pads minor near me,phrase,High fit; query-shaped; low risk.
Mercedes Van Servicing,Mercedes Van Servicing,mercedes brake pads mobile,phrase,High fit; query-shaped; low risk.
Mercedes Van Servicing,Mercedes Van Servicing,mercedes brake pads near me,phrase,High fit; query-shaped; low risk.
Mercedes Van Servicing,Mercedes Van Servicing,mercedes brake pads specialist,phrase,High fit; query-shaped; low risk.
Mercedes Van Servicing,Mercedes Van Servicing,mercedes brake pads specialist local,phrase,High fit; query-shaped; low risk.
Mercedes Van Servicing,Mercedes Van Servicing,mercedes brake pads specialist mobile,phrase,High fit; query-shaped; low risk.
Mercedes Van Servicing,Mercedes Van Servicing,mercedes brake pads specialist near me,phrase,High fit; query-shaped; low risk.
Mercedes Van Servicing,Mercedes Van Servicing,mercedes brake specialist,phrase,High fit; query-shaped; low risk.
Mercedes Van Servicing,Mercedes Van Servicing,mercedes brake specialist local,phrase,High fit; query-shaped; low risk.
Mercedes Van Servicing,Mercedes Van Servicing,mercedes brake specialist mobile,phrase,High fit; query-shaped; low risk.
Mercedes Van Servicing,Mercedes Van Servicing,mercedes brake specialist near me,phrase,High fit; query-shaped; low risk.
Mercedes Van Servicing,Mercedes Van Servicing,mercedes brakes,phrase,High fit; query-shaped; low risk.
Mercedes Van Servicing,Mercedes Van Servicing,mercedes brakes local,phrase,High fit; query-shaped; low risk.
Mercedes Van Servicing,Mercedes Van Servicing,mercedes brakes major,phrase,High fit; query-shaped; low risk.
Mercedes Van Servicing,Mercedes Van Servicing,mercedes brakes major local,phrase,High fit; query-shaped; low risk.
Mercedes Van Servicing,Mercedes Van Servicing,mercedes brakes major mobile,phrase,High fit; query-shaped; low risk.
Mercedes Van Servicing,Mercedes Van Servicing,mercedes brakes major near me,phrase,High fit; query-shaped; low risk.
Mercedes Van Servicing,Mercedes Van Servicing,mercedes brakes minor,phrase,High fit; query-shaped; low risk.
Mercedes Van Servicing,Mercedes Van Servicing,mercedes brakes minor local,phrase,High fit; query-shaped; low risk.
Mercedes Van Servicing,Mercedes Van Servicing,mercedes brakes minor mobile,phrase,High fit; query-shaped; low risk.
Mercedes Van Servicing,Mercedes Van Servicing,mercedes brakes minor near me,phrase,High fit; query-shaped; low risk.
Mercedes Van Servicing,Mercedes Van Servicing,mercedes brakes mobile,phrase,High fit; query-shaped; low risk.
Mercedes Van Servicing,Mercedes Van Servicing,mercedes brakes near me,phrase,High fit; query-shaped; low risk.
Mercedes Van Servicing,Mercedes Van Servicing,mercedes brakes specialist,phrase,High fit; query-shaped; low risk.
Mercedes Van Servicing,Mercedes Van Servicing,mercedes brakes specialist local,phrase,High fit; query-shaped; low risk.
Mercedes Van Servicing,Mercedes Van Servicing,mercedes brakes specialist mobile,exact,High fit; query-shaped; low risk.
Mercedes Van Servicing,Mercedes Van Servicing,mercedes brakes specialist near me,exact,High fit; query-shaped; low risk.
Mercedes Van Servicing,Mercedes Van Servicing,Mercedes garage near me,phrase,High fit; query-shaped; low risk.
Mercedes Van Servicing,Mercedes Van Servicing,mercedes service,phrase,High fit; query-shaped; low risk.
Mercedes Van Servicing,Mercedes Van Servicing,mercedes service local,phrase,High fit; query-shaped; low risk.
Mercedes Van Servicing,Mercedes Van Servicing,mercedes service major,phrase,High fit; query-shaped; low risk.
Mercedes Van Servicing,Mercedes Van Servicing,mercedes service major local,phrase,High fit; query-shaped; low risk.
Mercedes Van Servicing,Mercedes Van Servicing,mercedes service major mobile,phrase,High fit; query-shaped; low risk.
Mercedes Van Servicing,Mercedes Van Servicing,mercedes service major near me,phrase,High fit; query-shaped; low risk.
Mercedes Van Servicing,Mercedes Van Servicing,mercedes service minor,phrase,High fit; query-shaped; low risk.
Mercedes Van Servicing,Mercedes Van Servicing,mercedes service minor local,phrase,High fit; query-shaped; low risk.
Mercedes Van Servicing,Mercedes Van Servicing,mercedes service minor mobile,phrase,High fit; query-shaped; low risk.
Mercedes Van Servicing,Mercedes Van Servicing,mercedes service minor near me,phrase,High fit; query-shaped; low risk.
Mercedes Van Servicing,Mercedes Van Servicing,mercedes service mobile,phrase,High fit; query-shaped; low risk.
Mercedes Van Servicing,Mercedes Van Servicing,mercedes service near me,phrase,High fit; query-shaped; low risk.
Mercedes Van Servicing,Mercedes Van Servicing,mercedes service specialist,phrase,High fit; query-shaped; low risk.
Mercedes Van Servicing,Mercedes Van Servicing,mercedes service specialist local,phrase,High fit; query-shaped; low risk.
Mercedes Van Servicing,Mercedes Van Servicing,mercedes service specialist mobile,phrase,High fit; query-shaped; low risk.
Mercedes Van Servicing,Mercedes Van Servicing,mercedes service specialist near me,phrase,High fit; query-shaped; low risk.
Mercedes Van Servicing,Mercedes Van Servicing,mercedes servicing,phrase,High fit; query-shaped; low risk.
Mercedes Van Servicing,Mercedes Van Servicing,mercedes servicing local,phrase,High fit; query-shaped; low risk.
Mercedes Van Servicing,Mercedes Van Servicing,mercedes servicing major,phrase,High fit; query-shaped; low risk.
Mercedes Van Servicing,Mercedes Van Servicing,mercedes servicing major local,phrase,High fit; query-shaped; low risk.
Mercedes Van Servicing,Mercedes Van Servicing,mercedes servicing major mobile,phrase,High fit; query-shaped; low risk.
Mercedes Van Servicing,Mercedes Van Servicing,mercedes servicing major near me,phrase,High fit; query-shaped; low risk.
Mercedes Van Servicing,Mercedes Van Servicing,mercedes servicing minor,phrase,High fit; query-shaped; low risk.
Mercedes Van Servicing,Mercedes Van Servicing,mercedes servicing minor local,phrase,High fit; query-shaped; low risk.
Mercedes Van Servicing,Mercedes Van Servicing,mercedes servicing minor mobile,phrase,High fit; query-shaped; low risk.
Mercedes Van Servicing,Mercedes Van Servicing,mercedes servicing minor near me,phrase,High fit; query-shaped; low risk.
Mercedes Van Servicing,Mercedes Van Servicing,mercedes servicing mobile,phrase,High fit; query-shaped; low risk.
Mercedes Van Servicing,Mercedes Van Servicing,mercedes servicing near me,phrase,High fit; query-shaped; low risk.
Mercedes Van Servicing,Mercedes Van Servicing,mercedes servicing specialist,phrase,High fit; query-shaped; low risk.
Mercedes Van Servicing,Mercedes Van Servicing,mercedes servicing specialist local,phrase,High fit; query-shaped; low risk.
Mercedes Van Servicing,Mercedes Van Servicing,mercedes servicing specialist mobile,phrase,High fit; query-shaped; low risk.
Mercedes Van Servicing,Mercedes Van Servicing,mercedes servicing specialist near me,phrase,High fit; query-shaped; low risk.
Mercedes Van Servicing,Sprinter Servicing,mercedes sprinter mobile service,phrase,High fit; query-shaped; low risk.
Mercedes Van Servicing,Mercedes Van Servicing,Mercedes Sprinter repairs,phrase,High fit; query-shaped; low risk.
Mercedes Van Servicing,Sprinter Servicing,mercedes sprinter service,phrase,High fit; query-shaped; low risk.
Mercedes Van Servicing,Sprinter Servicing,mercedes sprinter service a,phrase,High fit; query-shaped; low risk.
Mercedes Van Servicing,Sprinter Servicing,Mercedes sprinter service a reset,phrase,High fit; query-shaped; low risk.
Mercedes Van Servicing,Sprinter Servicing,mercedes sprinter service b,phrase,High fit; query-shaped; low risk.
Mercedes Van Servicing,Sprinter Servicing,mercedes sprinter service b reset,phrase,High fit; query-shaped; low risk.
Mercedes Van Servicing,Sprinter Servicing,mercedes sprinter service near me,phrase,High fit; query-shaped; low risk.
Mercedes Van Servicing,Mercedes Van Servicing,Mercedes Sprinter specialist near me,phrase,High fit; query-shaped; low risk.
Mercedes Van Servicing,Mercedes Van Servicing,Mercedes Sprinter Van | Schedule & Booking Online,phrase,High fit; query-shaped; low risk.
Mercedes Van Servicing,Sprinter Servicing,Mercedes-Benz Sprinter service,phrase,High fit; query-shaped; low risk.
Mercedes Van Servicing,Mercedes Van Servicing,mobile diesel service near me,phrase,High fit; query-shaped; low risk.
Mercedes Van Servicing,Mercedes Van Servicing,mobile service ideas,phrase,High fit; query-shaped; low risk.
Mercedes Van Servicing,Mercedes Van Servicing,mobile sprinter repair,phrase,High fit; query-shaped; low risk.
Mercedes Van Servicing,Sprinter Servicing,mobile sprinter service,phrase,High fit; query-shaped; low risk.
Mercedes Van Servicing,Sprinter Servicing,Mobile sprinter service near me,phrase,High fit; query-shaped; low risk.
Mercedes Van Servicing,Mercedes Van Servicing,Mobile Van Service | Mobile Workshop,phrase,High fit; query-shaped; low risk.
Mercedes Van Servicing,Sprinter Brakes,sprinter brake,phrase,High fit; query-shaped; low risk.
Mercedes Van Servicing,Sprinter Brakes,sprinter brake local,phrase,High fit; query-shaped; low risk.
Mercedes Van Servicing,Sprinter Brakes,sprinter brake major,phrase,High fit; query-shaped; low risk.
Mercedes Van Servicing,Sprinter Brakes,sprinter brake major local,phrase,High fit; query-shaped; low risk.
Mercedes Van Servicing,Sprinter Brakes,sprinter brake major mobile,phrase,High fit; query-shaped; low risk.
Mercedes Van Servicing,Sprinter Brakes,sprinter brake major near me,phrase,High fit; query-shaped; low risk.
Mercedes Van Servicing,Sprinter Brakes,sprinter brake minor,phrase,High fit; query-shaped; low risk.
Mercedes Van Servicing,Sprinter Brakes,sprinter brake minor local,phrase,High fit; query-shaped; low risk.
Mercedes Van Servicing,Sprinter Brakes,sprinter brake minor mobile,phrase,High fit; query-shaped; low risk.
Mercedes Van Servicing,Sprinter Brakes,sprinter brake minor near me,phrase,High fit; query-shaped; low risk.
Mercedes Van Servicing,Sprinter Brakes,sprinter brake mobile,phrase,High fit; query-shaped; low risk.
Mercedes Van Servicing,Sprinter Brakes,sprinter brake near me,phrase,High fit; query-shaped; low risk.
Mercedes Van Servicing,Sprinter Brakes,sprinter brake pads,phrase,High fit; query-shaped; low risk.
Mercedes Van Servicing,Sprinter Brakes,sprinter brake pads local,phrase,High fit; query-shaped; low risk.
Mercedes Van Servicing,Sprinter Brakes,sprinter brake pads major,phrase,High fit; query-shaped; low risk.
Mercedes Van Servicing,Sprinter Brakes,sprinter brake pads major local,phrase,High fit; query-shaped; low risk.
Mercedes Van Servicing,Sprinter Brakes,sprinter brake pads major mobile,phrase,High fit; query-shaped; low risk.
Mercedes Van Servicing,Sprinter Brakes,sprinter brake pads major near me,phrase,High fit; query-shaped; low risk.
Mercedes Van Servicing,Sprinter Brakes,sprinter brake pads minor,phrase,High fit; query-shaped; low risk.
Mercedes Van Servicing,Sprinter Brakes,sprinter brake pads minor local,phrase,High fit; query-shaped; low risk.
Mercedes Van Servicing,Sprinter Brakes,sprinter brake pads minor mobile,phrase,High fit; query-shaped; low risk.
Mercedes Van Servicing,Sprinter Brakes,sprinter brake pads minor near me,phrase,High fit; query-shaped; low risk.
Mercedes Van Servicing,Sprinter Brakes,sprinter brake pads mobile,phrase,High fit; query-shaped; low risk.
Mercedes Van Servicing,Sprinter Brakes,sprinter brake pads near me,phrase,High fit; query-shaped; low risk.
Mercedes Van Servicing,Sprinter Brakes,sprinter brake pads specialist,phrase,High fit; query-shaped; low risk.
Mercedes Van Servicing,Sprinter Brakes,sprinter brake pads specialist local,phrase,High fit; query-shaped; low risk.
Mercedes Van Servicing,Sprinter Brakes,sprinter brake pads specialist mobile,phrase,High fit; query-shaped; low risk.
Mercedes Van Servicing,Sprinter Brakes,sprinter brake pads specialist near me,phrase,High fit; query-shaped; low risk.
Mercedes Van Servicing,Sprinter Brakes,sprinter brake specialist,phrase,High fit; query-shaped; low risk.
Mercedes Van Servicing,Sprinter Brakes,sprinter brake specialist local,phrase,High fit; query-shaped; low risk.
Mercedes Van Servicing,Sprinter Brakes,sprinter brake specialist mobile,phrase,High fit; query-shaped; low risk.
Mercedes Van Servicing,Sprinter Brakes,sprinter brake specialist near me,phrase,High fit; query-shaped; low risk.
Mercedes Van Servicing,Sprinter Brakes,sprinter brakes,phrase,High fit; query-shaped; low risk.
Mercedes Van Servicing,Sprinter Brakes,sprinter brakes local,phrase,High fit; query-shaped; low risk.
Mercedes Van Servicing,Sprinter Brakes,sprinter brakes major,phrase,High fit; query-shaped; low risk.
Mercedes Van Servicing,Sprinter Brakes,sprinter brakes major local,phrase,High fit; query-shaped; low risk.
Mercedes Van Servicing,Sprinter Brakes,sprinter brakes major mobile,phrase,High fit; query-shaped; low risk.
Mercedes Van Servicing,Sprinter Brakes,sprinter brakes major near me,phrase,High fit; query-shaped; low risk.
Mercedes Van Servicing,Sprinter Brakes,sprinter brakes minor,phrase,High fit; query-shaped; low risk.
Mercedes Van Servicing,Sprinter Brakes,sprinter brakes minor local,phrase,High fit; query-shaped; low risk.
Mercedes Van Servicing,Sprinter Brakes,sprinter brakes minor mobile,phrase,High fit; query-shaped; low risk.
Mercedes Van Servicing,Sprinter Brakes,sprinter brakes minor near me,phrase,High fit; query-shaped; low risk.
Mercedes Van Servicing,Sprinter Brakes,sprinter brakes mobile,phrase,High fit; query-shaped; low risk.
Mercedes Van Servicing,Sprinter Brakes,sprinter brakes near me,phrase,High fit; query-shaped; low risk.
Mercedes Van Servicing,Sprinter Brakes,sprinter brakes specialist,phrase,High fit; query-shaped; low risk.
Mercedes Van Servicing,Sprinter Brakes,sprinter brakes specialist local,phrase,High fit; query-shaped; low risk.
Mercedes Van Servicing,Sprinter Brakes,sprinter brakes specialist mobile,exact,High fit; query-shaped; low risk.
Mercedes Van Servicing,Sprinter Brakes,sprinter brakes specialist near me,exact,High fit; query-shaped; low risk.
Mercedes Van Servicing,Sprinter Servicing,sprinter car service near me,phrase,High fit; query-shaped; low risk.
Mercedes Van Servicing,Mercedes Van Servicing,sprinter maintenance near me,phrase,High fit; query-shaped; low risk.
Mercedes Van Servicing,Mercedes Van Servicing,sprinter mechanic near me,phrase,High fit; query-shaped; low risk.
Mercedes Van Servicing,Mercedes Van Servicing,sprinter mobile care,phrase,High fit; query-shaped; low risk.
Mercedes Van Servicing,Sprinter Servicing,sprinter phone service,phrase,High fit; query-shaped; low risk.
Mercedes Van Servicing,Mercedes Van Servicing,sprinter repair near me,phrase,High fit; query-shaped; low risk.
Mercedes Van Servicing,Sprinter Servicing,sprinter service,phrase,High fit; query-shaped; low risk.
Mercedes Van Servicing,Sprinter Servicing,sprinter service local,phrase,High fit; query-shaped; low risk.
Mercedes Van Servicing,Sprinter Servicing,sprinter service major,phrase,High fit; query-shaped; low risk.
Mercedes Van Servicing,Sprinter Servicing,sprinter service major local,phrase,High fit; query-shaped; low risk.
Mercedes Van Servicing,Sprinter Servicing,sprinter service major mobile,phrase,High fit; query-shaped; low risk.
Mercedes Van Servicing,Sprinter Servicing,sprinter service major near me,phrase,High fit; query-shaped; low risk.
Mercedes Van Servicing,Sprinter Servicing,sprinter service minor,phrase,High fit; query-shaped; low risk.
Mercedes Van Servicing,Sprinter Servicing,sprinter service minor local,phrase,High fit; query-shaped; low risk.
Mercedes Van Servicing,Sprinter Servicing,sprinter service minor mobile,phrase,High fit; query-shaped; low risk.
Mercedes Van Servicing,Sprinter Servicing,sprinter service minor near me,phrase,High fit; query-shaped; low risk.
Mercedes Van Servicing,Sprinter Servicing,sprinter service mobile,phrase,High fit; query-shaped; low risk.
Mercedes Van Servicing,Sprinter Servicing,sprinter service near kent,phrase,High fit; query-shaped; low risk.
Mercedes Van Servicing,Sprinter Servicing,sprinter service near me,phrase,High fit; query-shaped; low risk.
Mercedes Van Servicing,Sprinter Servicing,sprinter service specialist,phrase,High fit; query-shaped; low risk.
Mercedes Van Servicing,Sprinter Servicing,sprinter service specialist local,phrase,High fit; query-shaped; low risk.
Mercedes Van Servicing,Sprinter Servicing,sprinter service specialist mobile,phrase,High fit; query-shaped; low risk.
Mercedes Van Servicing,Sprinter Servicing,sprinter service specialist near me,phrase,High fit; query-shaped; low risk.
Mercedes Van Servicing,Mercedes Van Servicing,sprinter servicing,phrase,High fit; query-shaped; low risk.
Mercedes Van Servicing,Mercedes Van Servicing,sprinter servicing local,phrase,High fit; query-shaped; low risk.
Mercedes Van Servicing,Mercedes Van Servicing,sprinter servicing major,phrase,High fit; query-shaped; low risk.
Mercedes Van Servicing,Mercedes Van Servicing,sprinter servicing major local,phrase,High fit; query-shaped; low risk.
Mercedes Van Servicing,Mercedes Van Servicing,sprinter servicing major mobile,phrase,High fit; query-shaped; low risk.
Mercedes Van Servicing,Mercedes Van Servicing,sprinter servicing major near me,phrase,High fit; query-shaped; low risk.
Mercedes Van Servicing,Mercedes Van Servicing,sprinter servicing minor,phrase,High fit; query-shaped; low risk.
Mercedes Van Servicing,Mercedes Van Servicing,sprinter servicing minor local,phrase,High fit; query-shaped; low risk.
Mercedes Van Servicing,Mercedes Van Servicing,sprinter servicing minor mobile,phrase,High fit; query-shaped; low risk.
Mercedes Van Servicing,Mercedes Van Servicing,sprinter servicing minor near me,phrase,High fit; query-shaped; low risk.
Mercedes Van Servicing,Mercedes Van Servicing,sprinter servicing mobile,phrase,High fit; query-shaped; low risk.
Mercedes Van Servicing,Mercedes Van Servicing,sprinter servicing near me,phrase,High fit; query-shaped; low risk.
Mercedes Van Servicing,Mercedes Van Servicing,sprinter servicing specialist,phrase,High fit; query-shaped; low risk.
Mercedes Van Servicing,Mercedes Van Servicing,sprinter servicing specialist local,phrase,High fit; query-shaped; low risk.
Mercedes Van Servicing,Mercedes Van Servicing,sprinter servicing specialist mobile,phrase,High fit; query-shaped; low risk.
Mercedes Van Servicing,Mercedes Van Servicing,sprinter servicing specialist near me,phrase,High fit; query-shaped; low risk.
Mercedes Van Servicing,Sprinter Servicing,Sprinter Van Service - AG Automotive Service,phrase,High fit; query-shaped; low risk.
Mercedes Van Servicing,Sprinter Servicing,sprinter van service near me,phrase,High fit; query-shaped; low risk.
Mercedes Van Servicing,Sprinter Servicing,Used sprinter service near me,phrase,High fit; query-shaped; low risk.
Mercedes Van Servicing,Vito Brakes,vito brake,phrase,High fit; query-shaped; low risk.
Mercedes Van Servicing,Vito Brakes,vito brake local,phrase,High fit; query-shaped; low risk.
Mercedes Van Servicing,Vito Brakes,vito brake major,phrase,High fit; query-shaped; low risk.
Mercedes Van Servicing,Vito Brakes,vito brake major local,phrase,High fit; query-shaped; low risk.
Mercedes Van Servicing,Vito Brakes,vito brake major mobile,phrase,High fit; query-shaped; low risk.
Mercedes Van Servicing,Vito Brakes,vito brake major near me,phrase,High fit; query-shaped; low risk.
Mercedes Van Servicing,Vito Brakes,vito brake minor,phrase,High fit; query-shaped; low risk.
Mercedes Van Servicing,Vito Brakes,vito brake minor local,phrase,High fit; query-shaped; low risk.
Mercedes Van Servicing,Vito Brakes,vito brake minor mobile,phrase,High fit; query-shaped; low risk.
Mercedes Van Servicing,Vito Brakes,vito brake minor near me,phrase,High fit; query-shaped; low risk.
Mercedes Van Servicing,Vito Brakes,vito brake mobile,phrase,High fit; query-shaped; low risk.
Mercedes Van Servicing,Vito Brakes,vito brake near me,phrase,High fit; query-shaped; low risk.
Mercedes Van Servicing,Vito Brakes,vito brake pads,phrase,High fit; query-shaped; low risk.
Mercedes Van Servicing,Vito Brakes,vito brake pads local,phrase,High fit; query-shaped; low risk.
Mercedes Van Servicing,Vito Brakes,vito brake pads major,phrase,High fit; query-shaped; low risk.
Mercedes Van Servicing,Vito Brakes,vito brake pads major local,phrase,High fit; query-shaped; low risk.
Mercedes Van Servicing,Vito Brakes,vito brake pads major mobile,phrase,High fit; query-shaped; low risk.
Mercedes Van Servicing,Vito Brakes,vito brake pads major near me,phrase,High fit; query-shaped; low risk.
Mercedes Van Servicing,Vito Brakes,vito brake pads minor,phrase,High fit; query-shaped; low risk.
Mercedes Van Servicing,Vito Brakes,vito brake pads minor local,phrase,High fit; query-shaped; low risk.
Mercedes Van Servicing,Vito Brakes,vito brake pads minor mobile,phrase,High fit; query-shaped; low risk.
Mercedes Van Servicing,Vito Brakes,vito brake pads minor near me,phrase,High fit; query-shaped; low risk.
Mercedes Van Servicing,Vito Brakes,vito brake pads mobile,phrase,High fit; query-shaped; low risk.
Mercedes Van Servicing,Vito Brakes,vito brake pads near me,phrase,High fit; query-shaped; low risk.
Mercedes Van Servicing,Vito Brakes,vito brake pads specialist,phrase,High fit; query-shaped; low risk.
Mercedes Van Servicing,Vito Brakes,vito brake pads specialist local,phrase,High fit; query-shaped; low risk.
Mercedes Van Servicing,Vito Brakes,vito brake pads specialist mobile,phrase,High fit; query-shaped; low risk.
Mercedes Van Servicing,Vito Brakes,vito brake pads specialist near me,phrase,High fit; query-shaped; low risk.
Mercedes Van Servicing,Vito Brakes,vito brake specialist,phrase,High fit; query-shaped; low risk.
Mercedes Van Servicing,Vito Brakes,vito brake specialist local,phrase,High fit; query-shaped; low risk.
Mercedes Van Servicing,Vito Brakes,vito brake specialist mobile,phrase,High fit; query-shaped; low risk.
Mercedes Van Servicing,Vito Brakes,vito brake specialist near me,phrase,High fit; query-shaped; low risk.
Mercedes Van Servicing,Vito Brakes,vito brakes,phrase,High fit; query-shaped; low risk.
Mercedes Van Servicing,Vito Brakes,vito brakes local,phrase,High fit; query-shaped; low risk.
Mercedes Van Servicing,Vito Brakes,vito brakes major,phrase,High fit; query-shaped; low risk.
Mercedes Van Servicing,Vito Brakes,vito brakes major local,phrase,High fit; query-shaped; low risk.
Mercedes Van Servicing,Vito Brakes,vito brakes major mobile,phrase,High fit; query-shaped; low risk.
Mercedes Van Servicing,Vito Brakes,vito brakes major near me,phrase,High fit; query-shaped; low risk.
Mercedes Van Servicing,Vito Brakes,vito brakes minor,phrase,High fit; query-shaped; low risk.
Mercedes Van Servicing,Vito Brakes,vito brakes minor local,phrase,High fit; query-shaped; low risk.
Mercedes Van Servicing,Vito Brakes,vito brakes minor mobile,phrase,High fit; query-shaped; low risk.
Mercedes Van Servicing,Vito Brakes,vito brakes minor near me,phrase,High fit; query-shaped; low risk.
Mercedes Van Servicing,Vito Brakes,vito brakes mobile,phrase,High fit; query-shaped; low risk.
Mercedes Van Servicing,Vito Brakes,vito brakes near me,phrase,High fit; query-shaped; low risk.
Mercedes Van Servicing,Vito Brakes,vito brakes specialist,phrase,High fit; query-shaped; low risk.
Mercedes Van Servicing,Vito Brakes,vito brakes specialist local,phrase,High fit; query-shaped; low risk.
Mercedes Van Servicing,Vito Brakes,vito brakes specialist mobile,exact,High fit; query-shaped; low risk.
Mercedes Van Servicing,Vito Brakes,vito brakes specialist near me,exact,High fit; query-shaped; low risk.
Mercedes Van Servicing,Vito Servicing,vito service,phrase,High fit; query-shaped; low risk.
Mercedes Van Servicing,Vito Servicing,vito service local,phrase,High fit; query-shaped; low risk.
Mercedes Van Servicing,Vito Servicing,vito service major,phrase,High fit; query-shaped; low risk.
Mercedes Van Servicing,Vito Servicing,vito service major local,phrase,High fit; query-shaped; low risk.
Mercedes Van Servicing,Vito Servicing,vito service major mobile,phrase,High fit; query-shaped; low risk.
Mercedes Van Servicing,Vito Servicing,vito service major near me,phrase,High fit; query-shaped; low risk.
Mercedes Van Servicing,Vito Servicing,vito service minor,phrase,High fit; query-shaped; low risk.
Mercedes Van Servicing,Vito Servicing,vito service minor local,phrase,High fit; query-shaped; low risk.
Mercedes Van Servicing,Vito Servicing,vito service minor mobile,phrase,High fit; query-shaped; low risk.
Mercedes Van Servicing,Vito Servicing,vito service minor near me,phrase,High fit; query-shaped; low risk.
Mercedes Van Servicing,Vito Servicing,vito service mobile,phrase,High fit; query-shaped; low risk.
Mercedes Van Servicing,Vito Servicing,vito service near me,phrase,High fit; query-shaped; low risk.
Mercedes Van Servicing,Vito Servicing,vito service specialist,phrase,High fit; query-shaped; low risk.
Mercedes Van Servicing,Vito Servicing,vito service specialist local,phrase,High fit; query-shaped; low risk.
Mercedes Van Servicing,Vito Servicing,vito service specialist mobile,phrase,High fit; query-shaped; low risk.
Mercedes Van Servicing,Vito Servicing,vito service specialist near me,phrase,High fit; query-shaped; low risk.
Mercedes Van Servicing,Mercedes Van Servicing,vito servicing,phrase,High fit; query-shaped; low risk.
Mercedes Van Servicing,Mercedes Van Servicing,vito servicing local,phrase,High fit; query-shaped; low risk.
Mercedes Van Servicing,Mercedes Van Servicing,vito servicing major,phrase,High fit; query-shaped; low risk.
Mercedes Van Servicing,Mercedes Van Servicing,vito servicing major local,phrase,High fit; query-shaped; low risk.
Mercedes Van Servicing,Mercedes Van Servicing,vito servicing major mobile,phrase,High fit; query-shaped; low risk.
Mercedes Van Servicing,Mercedes Van Servicing,vito servicing major near me,phrase,High fit; query-shaped; low risk.
Mercedes Van Servicing,Mercedes Van Servicing,vito servicing minor,phrase,High fit; query-shaped; low risk.
Mercedes Van Servicing,Mercedes Van Servicing,vito servicing minor local,phrase,High fit; query-shaped; low risk.
Mercedes Van Servicing,Mercedes Van Servicing,vito servicing minor mobile,phrase,High fit; query-shaped; low risk.
Mercedes Van Servicing,Mercedes Van Servicing,vito servicing minor near me,phrase,High fit; query-shaped; low risk.
Mercedes Van Servicing,Mercedes Van Servicing,vito servicing mobile,phrase,High fit; query-shaped; low risk.
Mercedes Van Servicing,Mercedes Van Servicing,vito servicing near me,phrase,High fit; query-shaped; low risk.
Mercedes Van Servicing,Mercedes Van Servicing,vito servicing specialist,phrase,High fit; query-shaped; low risk.
Mercedes Van Servicing,Mercedes Van Servicing,vito servicing specialist local,phrase,High fit; query-shaped; low risk.
Mercedes Van Servicing,Mercedes Van Servicing,vito servicing specialist mobile,phrase,High fit; query-shaped; low risk.
Mercedes Van Servicing,Mercedes Van Servicing,vito servicing specialist near me,phrase,High fit; query-shaped; low risk.
Van Tuning,Van Economy Tune,commercial van economy remap,exact,High fit; query-shaped; low risk.
Van Tuning,Van Economy Tune,commercial van economy remap driveability,exact,High fit; query-shaped; low risk.
Van Tuning,Van Economy Tune,commercial van economy remap driveability mobile,exact,High fit; query-shaped; low risk.
Van Tuning,Van Economy Tune,commercial van economy remap driveability near me,exact,High fit; query-shaped; low risk.
Van Tuning,Van Economy Tune,commercial van economy remap load,exact,High fit; query-shaped; low risk.
Van Tuning,Van Economy Tune,commercial van economy remap load mobile,exact,High fit; query-shaped; low risk.
Van Tuning,Van Economy Tune,commercial van economy remap load near me,exact,High fit; query-shaped; low risk.
Van Tuning,Van Economy Tune,commercial van economy remap mobile,exact,High fit; query-shaped; low risk.
Van Tuning,Van Economy Tune,commercial van economy remap near me,exact,High fit; query-shaped; low risk.
Van Tuning,Van Economy Tune,commercial van economy remap work,exact,High fit; query-shaped; low risk.
Van Tuning,Van Economy Tune,commercial van economy remap work mobile,exact,High fit; query-shaped; low risk.
Van Tuning,Van Economy Tune,commercial van economy remap work near me,exact,High fit; query-shaped; low risk.
Van Tuning,Van Economy Tune,commercial van economy tune,exact,High fit; query-shaped; low risk.
Van Tuning,Van Economy Tune,commercial van economy tune driveability,exact,High fit; query-shaped; low risk.
Van Tuning,Van Economy Tune,commercial van economy tune driveability mobile,exact,High fit; query-shaped; low risk.
Van Tuning,Van Economy Tune,commercial van economy tune driveability near me,exact,High fit; query-shaped; low risk.
Van Tuning,Van Economy Tune,commercial van economy tune load,exact,High fit; query-shaped; low risk.
Van Tuning,Van Economy Tune,commercial van economy tune load mobile,exact,High fit; query-shaped; low risk.
Van Tuning,Van Economy Tune,commercial van economy tune load near me,exact,High fit; query-shaped; low risk.
Van Tuning,Van Economy Tune,commercial van economy tune mobile,exact,High fit; query-shaped; low risk.
Van Tuning,Van Economy Tune,commercial van economy tune near me,exact,High fit; query-shaped; low risk.
Van Tuning,Van Economy Tune,commercial van economy tune work,exact,High fit; query-shaped; low risk.
Van Tuning,Van Economy Tune,commercial van economy tune work mobile,exact,High fit; query-shaped; low risk.
Van Tuning,Van Economy Tune,commercial van economy tune work near me,exact,High fit; query-shaped; low risk.
Van Tuning,Van Economy Tune,commercial van fuel economy remap,exact,High fit; query-shaped; low risk.
Van Tuning,Van Economy Tune,commercial van fuel economy remap driveability,exact,High fit; query-shaped; low risk.
Van Tuning,Van Economy Tune,commercial van fuel economy remap driveability mobile,exact,High fit; query-shaped; low risk.
Van Tuning,Van Economy Tune,commercial van fuel economy remap driveability near me,exact,High fit; query-shaped; low risk.
Van Tuning,Van Economy Tune,commercial van fuel economy remap load,exact,High fit; query-shaped; low risk.
Van Tuning,Van Economy Tune,commercial van fuel economy remap load mobile,exact,High fit; query-shaped; low risk.
Van Tuning,Van Economy Tune,commercial van fuel economy remap load near me,exact,High fit; query-shaped; low risk.
Van Tuning,Van Economy Tune,commercial van fuel economy remap mobile,exact,High fit; query-shaped; low risk.
Van Tuning,Van Economy Tune,commercial van fuel economy remap near me,exact,High fit; query-shaped; low risk.
Van Tuning,Van Economy Tune,commercial van fuel economy remap work,exact,High fit; query-shaped; low risk.
Van Tuning,Van Economy Tune,commercial van fuel economy remap work mobile,exact,High fit; query-shaped; low risk.
Van Tuning,Van Economy Tune,commercial van fuel economy remap work near me,exact,High fit; query-shaped; low risk.
Van Tuning,Sprinter Remap,commercial van remap,phrase,High fit; query-shaped; low risk.
Van Tuning,Van Load & Driveability Tune,commercial van remap driveability,phrase,High fit; query-shaped; low risk.
Van Tuning,Van Load & Driveability Tune,commercial van remap driveability mobile,exact,High fit; query-shaped; low risk.
Van Tuning,Van Load & Driveability Tune,commercial van remap driveability near me,exact,High fit; query-shaped; low risk.
Van Tuning,Van Load & Driveability Tune,commercial van remap load,phrase,High fit; query-shaped; low risk.
Van Tuning,Van Load & Driveability Tune,commercial van remap load mobile,exact,High fit; query-shaped; low risk.
Van Tuning,Van Load & Driveability Tune,commercial van remap load near me,exact,High fit; query-shaped; low risk.
Van Tuning,Mobile Van Remap,commercial van remap mobile,exact,High fit; query-shaped; low risk.
Van Tuning,Sprinter Remap,commercial van remap near me,exact,High fit; query-shaped; low risk.
Van Tuning,Sprinter Remap,commercial van remap work,phrase,High fit; query-shaped; low risk.
Van Tuning,Mobile Van Remap,commercial van remap work mobile,exact,High fit; query-shaped; low risk.
Van Tuning,Sprinter Remap,commercial van remap work near me,exact,High fit; query-shaped; low risk.
Van Tuning,Sprinter Remap,commercial van tune,phrase,High fit; query-shaped; low risk.
Van Tuning,Van Load & Driveability Tune,commercial van tune driveability,phrase,High fit; query-shaped; low risk.
Van Tuning,Van Load & Driveability Tune,commercial van tune driveability mobile,phrase,High fit; query-shaped; low risk.
Van Tuning,Van Load & Driveability Tune,commercial van tune driveability near me,phrase,High fit; query-shaped; low risk.
Van Tuning,Van Load & Driveability Tune,commercial van tune load,phrase,High fit; query-shaped; low risk.
Van Tuning,Van Load & Driveability Tune,commercial van tune load mobile,phrase,High fit; query-shaped; low risk.
Van Tuning,Van Load & Driveability Tune,commercial van tune load near me,phrase,High fit; query-shaped; low risk.
Van Tuning,Sprinter Remap,commercial van tune mobile,phrase,High fit; query-shaped; low risk.
Van Tuning,Sprinter Remap,commercial van tune near me,phrase,High fit; query-shaped; low risk.
Van Tuning,Sprinter Remap,commercial van tune work,phrase,High fit; query-shaped; low risk.
Van Tuning,Sprinter Remap,commercial van tune work mobile,phrase,High fit; query-shaped; low risk.
Van Tuning,Sprinter Remap,commercial van tune work near me,phrase,High fit; query-shaped; low risk.
Van Tuning,Van Economy Tune,commercial van tuning,phrase,High fit; query-shaped; low risk.
Van Tuning,Van Load & Driveability Tune,commercial van tuning driveability,phrase,High fit; query-shaped; low risk.
Van Tuning,Van Load & Driveability Tune,commercial van tuning driveability mobile,phrase,High fit; query-shaped; low risk.
Van Tuning,Van Load & Driveability Tune,commercial van tuning driveability near me,phrase,High fit; query-shaped; low risk.
Van Tuning,Van Load & Driveability Tune,commercial van tuning load,phrase,High fit; query-shaped; low risk.
Van Tuning,Van Load & Driveability Tune,commercial van tuning load mobile,phrase,High fit; query-shaped; low risk.
Van Tuning,Van Load & Driveability Tune,commercial van tuning load near me,phrase,High fit; query-shaped; low risk.
Van Tuning,Van Economy Tune,commercial van tuning mobile,phrase,High fit; query-shaped; low risk.
Van Tuning,Van Economy Tune,commercial van tuning near me,phrase,High fit; query-shaped; low risk.
Van Tuning,Van Economy Tune,commercial van tuning work,phrase,High fit; query-shaped; low risk.
Van Tuning,Van Economy Tune,commercial van tuning work mobile,phrase,High fit; query-shaped; low risk.
Van Tuning,Van Economy Tune,commercial van tuning work near me,phrase,High fit; query-shaped; low risk.
Van Tuning,Van Economy Tune,Economy Remap,phrase,High fit; query-shaped; low risk.
Van Tuning,Van Economy Tune,Economy Remap - Remap2Race | ECU Remapping | Exeter,phrase,High fit; query-shaped; low risk.
Van Tuning,Van Economy Tune,Economy Remap | Economy Tuning - Quantum Tuning,phrase,High fit; query-shaped; low risk.
Van Tuning,Van Economy Tune,Economy remap near me,phrase,High fit; query-shaped; low risk.
Van Tuning,Van Economy Tune,Economy remap vs stage 1,phrase,High fit; query-shaped; low risk.
Van Tuning,Van Economy Tune,fleet economy remap,phrase,High fit; query-shaped; low risk.
Van Tuning,Van Economy Tune,fleet economy remap driveability,phrase,High fit; query-shaped; low risk.
Van Tuning,Van Economy Tune,fleet economy remap driveability mobile,phrase,High fit; query-shaped; low risk.
Van Tuning,Van Economy Tune,fleet economy remap driveability near me,phrase,High fit; query-shaped; low risk.
Van Tuning,Van Economy Tune,fleet economy remap load,phrase,High fit; query-shaped; low risk.
Van Tuning,Van Economy Tune,fleet economy remap load mobile,phrase,High fit; query-shaped; low risk.
Van Tuning,Van Economy Tune,fleet economy remap load near me,phrase,High fit; query-shaped; low risk.
Van Tuning,Van Economy Tune,fleet economy remap mobile,phrase,High fit; query-shaped; low risk.
Van Tuning,Van Economy Tune,fleet economy remap near me,phrase,High fit; query-shaped; low risk.
Van Tuning,Van Economy Tune,fleet economy remap work,phrase,High fit; query-shaped; low risk.
Van Tuning,Van Economy Tune,fleet economy remap work mobile,phrase,High fit; query-shaped; low risk.
Van Tuning,Van Economy Tune,fleet economy remap work near me,phrase,High fit; query-shaped; low risk.
Van Tuning,Van Economy Tune,fleet economy tune,phrase,High fit; query-shaped; low risk.
Van Tuning,Van Economy Tune,fleet economy tune driveability,phrase,High fit; query-shaped; low risk.
Van Tuning,Van Economy Tune,fleet economy tune driveability mobile,phrase,High fit; query-shaped; low risk.
Van Tuning,Van Economy Tune,fleet economy tune driveability near me,phrase,High fit; query-shaped; low risk.
Van Tuning,Van Economy Tune,fleet economy tune load,phrase,High fit; query-shaped; low risk.
Van Tuning,Van Economy Tune,fleet economy tune load mobile,phrase,High fit; query-shaped; low risk.
Van Tuning,Van Economy Tune,fleet economy tune load near me,phrase,High fit; query-shaped; low risk.
Van Tuning,Van Economy Tune,fleet economy tune mobile,phrase,High fit; query-shaped; low risk.
Van Tuning,Van Economy Tune,fleet economy tune near me,phrase,High fit; query-shaped; low risk.
Van Tuning,Van Economy Tune,fleet economy tune work,phrase,High fit; query-shaped; low risk.
Van Tuning,Van Economy Tune,fleet economy tune work mobile,phrase,High fit; query-shaped; low risk.
Van Tuning,Van Economy Tune,fleet economy tune work near me,phrase,High fit; query-shaped; low risk.
Van Tuning,Van Economy Tune,fleet fuel economy remap,exact,High fit; query-shaped; low risk.
Van Tuning,Van Economy Tune,fleet fuel economy remap driveability,exact,High fit; query-shaped; low risk.
Van Tuning,Van Economy Tune,fleet fuel economy remap driveability mobile,exact,High fit; query-shaped; low risk.
Van Tuning,Van Economy Tune,fleet fuel economy remap driveability near me,exact,High fit; query-shaped; low risk.
Van Tuning,Van Economy Tune,fleet fuel economy remap load,exact,High fit; query-shaped; low risk.
Van Tuning,Van Economy Tune,fleet fuel economy remap load mobile,exact,High fit; query-shaped; low risk.
Van Tuning,Van Economy Tune,fleet fuel economy remap load near me,exact,High fit; query-shaped; low risk.
Van Tuning,Van Economy Tune,fleet fuel economy remap mobile,exact,High fit; query-shaped; low risk.
Van Tuning,Van Economy Tune,fleet fuel economy remap near me,exact,High fit; query-shaped; low risk.
Van Tuning,Van Economy Tune,fleet fuel economy remap work,exact,High fit; query-shaped; low risk.
Van Tuning,Van Economy Tune,fleet fuel economy remap work mobile,exact,High fit; query-shaped; low risk.
Van Tuning,Van Economy Tune,fleet fuel economy remap work near me,exact,High fit; query-shaped; low risk.
Van Tuning,Fleet Van Tuning,fleet remap,phrase,High fit; query-shaped; low risk.
Van Tuning,Van Load & Driveability Tune,fleet remap driveability,phrase,High fit; query-shaped; low risk.
Van Tuning,Van Load & Driveability Tune,fleet remap driveability mobile,phrase,High fit; query-shaped; low risk.
Van Tuning,Van Load & Driveability Tune,fleet remap driveability near me,phrase,High fit; query-shaped; low risk.
Van Tuning,Van Load & Driveability Tune,fleet remap load,phrase,High fit; query-shaped; low risk.
Van Tuning,Van Load & Driveability Tune,fleet remap load mobile,phrase,High fit; query-shaped; low risk.
Van Tuning,Van Load & Driveability Tune,fleet remap load near me,phrase,High fit; query-shaped; low risk.
Van Tuning,Fleet Van Tuning,fleet remap mobile,phrase,High fit; query-shaped; low risk.
Van Tuning,Fleet Van Tuning,fleet remap near me,phrase,High fit; query-shaped; low risk.
Van Tuning,Fleet Van Tuning,fleet remap work,phrase,High fit; query-shaped; low risk.
Van Tuning,Fleet Van Tuning,fleet remap work mobile,phrase,High fit; query-shaped; low risk.
Van Tuning,Fleet Van Tuning,fleet remap work near me,phrase,High fit; query-shaped; low risk.
Van Tuning,Fleet Van Tuning,fleet tune,phrase,High fit; query-shaped; low risk.
Van Tuning,Van Load & Driveability Tune,fleet tune driveability,phrase,High fit; query-shaped; low risk.
Van Tuning,Van Load & Driveability Tune,fleet tune driveability mobile,phrase,High fit; query-shaped; low risk.
Van Tuning,Van Load & Driveability Tune,fleet tune driveability near me,phrase,High fit; query-shaped; low risk.
Van Tuning,Van Load & Driveability Tune,fleet tune load,phrase,High fit; query-shaped; low risk.
Van Tuning,Van Load & Driveability Tune,fleet tune load mobile,phrase,High fit; query-shaped; low risk.
Van Tuning,Van Load & Driveability Tune,fleet tune load near me,phrase,High fit; query-shaped; low risk.
Van Tuning,Fleet Van Tuning,fleet tune mobile,phrase,High fit; query-shaped; low risk.
Van Tuning,Fleet Van Tuning,fleet tune near me,phrase,High fit; query-shaped; low risk.
Van Tuning,Fleet Van Tuning,fleet tune work,phrase,High fit; query-shaped; low risk.
Van Tuning,Fleet Van Tuning,fleet tune work mobile,phrase,High fit; query-shaped; low risk.
Van Tuning,Fleet Van Tuning,fleet tune work near me,phrase,High fit; query-shaped; low risk.
Van Tuning,Fleet Van Tuning,fleet tuning,phrase,High fit; query-shaped; low risk.
Van Tuning,Van Load & Driveability Tune,fleet tuning driveability,phrase,High fit; query-shaped; low risk.
Van Tuning,Van Load & Driveability Tune,fleet tuning driveability mobile,phrase,High fit; query-shaped; low risk.
Van Tuning,Van Load & Driveability Tune,fleet tuning driveability near me,phrase,High fit; query-shaped; low risk.
Van Tuning,Van Load & Driveability Tune,fleet tuning load,phrase,High fit; query-shaped; low risk.
Van Tuning,Van Load & Driveability Tune,fleet tuning load mobile,phrase,High fit; query-shaped; low risk.
Van Tuning,Van Load & Driveability Tune,fleet tuning load near me,phrase,High fit; query-shaped; low risk.
Van Tuning,Fleet Van Tuning,fleet tuning mobile,phrase,High fit; query-shaped; low risk.
Van Tuning,Fleet Van Tuning,fleet tuning near me,phrase,High fit; query-shaped; low risk.
Van Tuning,Fleet Van Tuning,fleet tuning work,phrase,High fit; query-shaped; low risk.
Van Tuning,Fleet Van Tuning,fleet tuning work mobile,phrase,High fit; query-shaped; low risk.
Van Tuning,Fleet Van Tuning,fleet tuning work near me,phrase,High fit; query-shaped; low risk.
Van Tuning,Van Economy Tune,fuel economy remap,exact,High fit; query-shaped; low risk.
Van Tuning,Van Economy Tune,fuel economy remap uk,exact,High fit; query-shaped; low risk.
Van Tuning,Van Economy Tune,fuel economy remap van,exact,High fit; query-shaped; low risk.
Van Tuning,Van Economy Tune,Fuel Economy Remapping - ProTune,phrase,High fit; query-shaped; low risk.
Van Tuning,Van Economy Tune,sprinter economy remap,phrase,High fit; query-shaped; low risk.
Van Tuning,Van Economy Tune,sprinter economy remap driveability,phrase,High fit; query-shaped; low risk.
Van Tuning,Van Economy Tune,sprinter economy remap driveability mobile,exact,High fit; query-shaped; low risk.
Van Tuning,Van Economy Tune,sprinter economy remap driveability near me,exact,High fit; query-shaped; low risk.
Van Tuning,Van Economy Tune,sprinter economy remap load,phrase,High fit; query-shaped; low risk.
Van Tuning,Van Economy Tune,sprinter economy remap load mobile,exact,High fit; query-shaped; low risk.
Van Tuning,Van Economy Tune,sprinter economy remap load near me,exact,High fit; query-shaped; low risk.
Van Tuning,Van Economy Tune,sprinter economy remap mobile,exact,High fit; query-shaped; low risk.
Van Tuning,Van Economy Tune,sprinter economy remap near me,exact,High fit; query-shaped; low risk.
Van Tuning,Van Economy Tune,sprinter economy remap work,phrase,High fit; query-shaped; low risk.
Van Tuning,Van Economy Tune,sprinter economy remap work mobile,exact,High fit; query-shaped; low risk.
Van Tuning,Van Economy Tune,sprinter economy remap work near me,exact,High fit; query-shaped; low risk.
Van Tuning,Van Economy Tune,sprinter economy tune,phrase,High fit; query-shaped; low risk.
Van Tuning,Van Economy Tune,sprinter economy tune driveability,phrase,High fit; query-shaped; low risk.
Van Tuning,Van Economy Tune,sprinter economy tune driveability mobile,phrase,High fit; query-shaped; low risk.
Van Tuning,Van Economy Tune,sprinter economy tune driveability near me,phrase,High fit; query-shaped; low risk.
Van Tuning,Van Economy Tune,sprinter economy tune load,phrase,High fit; query-shaped; low risk.
Van Tuning,Van Economy Tune,sprinter economy tune load mobile,phrase,High fit; query-shaped; low risk.
Van Tuning,Van Economy Tune,sprinter economy tune load near me,phrase,High fit; query-shaped; low risk.
Van Tuning,Van Economy Tune,sprinter economy tune mobile,phrase,High fit; query-shaped; low risk.
Van Tuning,Van Economy Tune,sprinter economy tune near me,phrase,High fit; query-shaped; low risk.
Van Tuning,Van Economy Tune,sprinter economy tune work,phrase,High fit; query-shaped; low risk.
Van Tuning,Van Economy Tune,sprinter economy tune work mobile,phrase,High fit; query-shaped; low risk.
Van Tuning,Van Economy Tune,sprinter economy tune work near me,phrase,High fit; query-shaped; low risk.
Van Tuning,Van Economy Tune,sprinter fuel economy remap,exact,High fit; query-shaped; low risk.
Van Tuning,Van Economy Tune,sprinter fuel economy remap driveability,exact,High fit; query-shaped; low risk.
Van Tuning,Van Economy Tune,sprinter fuel economy remap driveability mobile,exact,High fit; query-shaped; low risk.
Van Tuning,Van Economy Tune,sprinter fuel economy remap driveability near me,exact,High fit; query-shaped; low risk.
Van Tuning,Van Economy Tune,sprinter fuel economy remap load,exact,High fit; query-shaped; low risk.
Van Tuning,Van Economy Tune,sprinter fuel economy remap load mobile,exact,High fit; query-shaped; low risk.
Van Tuning,Van Economy Tune,sprinter fuel economy remap load near me,exact,High fit; query-shaped; low risk.
Van Tuning,Van Economy Tune,sprinter fuel economy remap mobile,exact,High fit; query-shaped; low risk.
Van Tuning,Van Economy Tune,sprinter fuel economy remap near me,exact,High fit; query-shaped; low risk.
Van Tuning,Van Economy Tune,sprinter fuel economy remap work,exact,High fit; query-shaped; low risk.
Van Tuning,Van Economy Tune,sprinter fuel economy remap work mobile,exact,High fit; query-shaped; low risk.
Van Tuning,Van Economy Tune,sprinter fuel economy remap work near me,exact,High fit; query-shaped; low risk.
Van Tuning,Sprinter Remap,sprinter remap,phrase,High fit; query-shaped; low risk.
Van Tuning,Van Load & Driveability Tune,sprinter remap driveability,phrase,High fit; query-shaped; low risk.
Van Tuning,Van Load & Driveability Tune,sprinter remap driveability mobile,phrase,High fit; query-shaped; low risk.
Van Tuning,Van Load & Driveability Tune,sprinter remap driveability near me,phrase,High fit; query-shaped; low risk.
Van Tuning,Van Load & Driveability Tune,sprinter remap load,phrase,High fit; query-shaped; low risk.
Van Tuning,Van Load & Driveability Tune,sprinter remap load mobile,phrase,High fit; query-shaped; low risk.
Van Tuning,Van Load & Driveability Tune,sprinter remap load near me,phrase,High fit; query-shaped; low risk.
Van Tuning,Mobile Van Remap,sprinter remap mobile,phrase,High fit; query-shaped; low risk.
Van Tuning,Sprinter Remap,sprinter remap near me,phrase,High fit; query-shaped; low risk.
Van Tuning,Sprinter Remap,sprinter remap work,phrase,High fit; query-shaped; low risk.
Van Tuning,Mobile Van Remap,sprinter remap work mobile,phrase,High fit; query-shaped; low risk.
Van Tuning,Sprinter Remap,sprinter remap work near me,phrase,High fit; query-shaped; low risk.
Van Tuning,Sprinter Remap,sprinter tune,phrase,High fit; query-shaped; low risk.
Van Tuning,Van Load & Driveability Tune,sprinter tune driveability,phrase,High fit; query-shaped; low risk.
Van Tuning,Van Load & Driveability Tune,sprinter tune driveability mobile,phrase,High fit; query-shaped; low risk.
Van Tuning,Van Load & Driveability Tune,sprinter tune driveability near me,phrase,High fit; query-shaped; low risk.
Van Tuning,Van Load & Driveability Tune,sprinter tune load,phrase,High fit; query-shaped; low risk.
Van Tuning,Van Load & Driveability Tune,sprinter tune load mobile,phrase,High fit; query-shaped; low risk.
Van Tuning,Van Load & Driveability Tune,sprinter tune load near me,phrase,High fit; query-shaped; low risk.
Van Tuning,Sprinter Remap,sprinter tune mobile,phrase,High fit; query-shaped; low risk.
Van Tuning,Sprinter Remap,sprinter tune near me,phrase,High fit; query-shaped; low risk.
Van Tuning,Sprinter Remap,sprinter tune work,phrase,High fit; query-shaped; low risk.
Van Tuning,Sprinter Remap,sprinter tune work mobile,phrase,High fit; query-shaped; low risk.
Van Tuning,Sprinter Remap,sprinter tune work near me,phrase,High fit; query-shaped; low risk.
Van Tuning,Van Economy Tune,sprinter tuning,phrase,High fit; query-shaped; low risk.
Van Tuning,Van Load & Driveability Tune,sprinter tuning driveability,phrase,High fit; query-shaped; low risk.
Van Tuning,Van Load & Driveability Tune,sprinter tuning driveability mobile,phrase,High fit; query-shaped; low risk.
Van Tuning,Van Load & Driveability Tune,sprinter tuning driveability near me,phrase,High fit; query-shaped; low risk.
Van Tuning,Van Load & Driveability Tune,sprinter tuning load,phrase,High fit; query-shaped; low risk.
Van Tuning,Van Load & Driveability Tune,sprinter tuning load mobile,phrase,High fit; query-shaped; low risk.
Van Tuning,Van Load & Driveability Tune,sprinter tuning load near me,phrase,High fit; query-shaped; low risk.
Van Tuning,Van Economy Tune,sprinter tuning mobile,phrase,High fit; query-shaped; low risk.
Van Tuning,Van Economy Tune,sprinter tuning near me,phrase,High fit; query-shaped; low risk.
Van Tuning,Van Economy Tune,sprinter tuning work,phrase,High fit; query-shaped; low risk.
Van Tuning,Van Economy Tune,sprinter tuning work mobile,phrase,High fit; query-shaped; low risk.
Van Tuning,Van Economy Tune,sprinter tuning work near me,phrase,High fit; query-shaped; low risk.
Van Tuning,Van Economy Tune,van economy remap,phrase,High fit; query-shaped; low risk.
Van Tuning,Van Economy Tune,van economy remap driveability,phrase,High fit; query-shaped; low risk.
Van Tuning,Van Economy Tune,van economy remap driveability mobile,exact,High fit; query-shaped; low risk.
Van Tuning,Van Economy Tune,van economy remap driveability near me,exact,High fit; query-shaped; low risk.
Van Tuning,Van Economy Tune,van economy remap load,phrase,High fit; query-shaped; low risk.
Van Tuning,Van Economy Tune,van economy remap load mobile,exact,High fit; query-shaped; low risk.
Van Tuning,Van Economy Tune,van economy remap load near me,exact,High fit; query-shaped; low risk.
Van Tuning,Van Economy Tune,van economy remap mobile,exact,High fit; query-shaped; low risk.
Van Tuning,Van Economy Tune,van economy remap near me,exact,High fit; query-shaped; low risk.
Van Tuning,Van Economy Tune,van economy remap work,phrase,High fit; query-shaped; low risk.
Van Tuning,Van Economy Tune,van economy remap work mobile,exact,High fit; query-shaped; low risk.
Van Tuning,Van Economy Tune,van economy remap work near me,exact,High fit; query-shaped; low risk.
Van Tuning,Van Economy Tune,van economy tune,phrase,High fit; query-shaped; low risk.
Van Tuning,Van Economy Tune,van economy tune driveability,phrase,High fit; query-shaped; low risk.
Van Tuning,Van Economy Tune,van economy tune driveability mobile,exact,High fit; query-shaped; low risk.
Van Tuning,Van Economy Tune,van economy tune driveability near me,exact,High fit; query-shaped; low risk.
Van Tuning,Van Economy Tune,van economy tune load,phrase,High fit; query-shaped; low risk.
Van Tuning,Van Economy Tune,van economy tune load mobile,exact,High fit; query-shaped; low risk.
Van Tuning,Van Economy Tune,van economy tune load near me,exact,High fit; query-shaped; low risk.
Van Tuning,Van Economy Tune,van economy tune mobile,exact,High fit; query-shaped; low risk.
Van Tuning,Van Economy Tune,van economy tune near me,exact,High fit; query-shaped; low risk.
Van Tuning,Van Economy Tune,van economy tune work,phrase,High fit; query-shaped; low risk.
Van Tuning,Van Economy Tune,van economy tune work mobile,exact,High fit; query-shaped; low risk.
Van Tuning,Van Economy Tune,van economy tune work near me,exact,High fit; query-shaped; low risk.
Van Tuning,Van Economy Tune,van fuel economy remap,exact,High fit; query-shaped; low risk.
Van Tuning,Van Economy Tune,van fuel economy remap driveability,exact,High fit; query-shaped; low risk.
Van Tuning,Van Economy Tune,van fuel economy remap driveability mobile,exact,High fit; query-shaped; low risk.
Van Tuning,Van Economy Tune,van fuel economy remap driveability near me,exact,High fit; query-shaped; low risk.
Van Tuning,Van Economy Tune,van fuel economy remap load,exact,High fit; query-shaped; low risk.
Van Tuning,Van Economy Tune,van fuel economy remap load mobile,exact,High fit; query-shaped; low risk.
Van Tuning,Van Economy Tune,van fuel economy remap load near me,exact,High fit; query-shaped; low risk.
Van Tuning,Van Economy Tune,van fuel economy remap mobile,exact,High fit; query-shaped; low risk.
Van Tuning,Van Economy Tune,van fuel economy remap near me,exact,High fit; query-shaped; low risk.
Van Tuning,Van Economy Tune,van fuel economy remap work,exact,High fit; query-shaped; low risk.
Van Tuning,Van Economy Tune,van fuel economy remap work mobile,exact,High fit; query-shaped; low risk.
Van Tuning,Van Economy Tune,van fuel economy remap work near me,exact,High fit; query-shaped; low risk.
Van Tuning,Van Economy Tune,van remap,phrase,High fit; query-shaped; low risk.
Van Tuning,Van Load & Driveability Tune,van remap driveability,phrase,High fit; query-shaped; low risk.
Van Tuning,Van Load & Driveability Tune,van remap driveability mobile,phrase,High fit; query-shaped; low risk.
Van Tuning,Van Load & Driveability Tune,van remap driveability near me,phrase,High fit; query-shaped; low risk.
Van Tuning,Van Load & Driveability Tune,van remap load,phrase,High fit; query-shaped; low risk.
Van Tuning,Van Load & Driveability Tune,van remap load mobile,phrase,High fit; query-shaped; low risk.
Van Tuning,Van Load & Driveability Tune,van remap load near me,phrase,High fit; query-shaped; low risk.
Van Tuning,Mobile Van Remap,van remap mobile,phrase,High fit; query-shaped; low risk.
Van Tuning,Van Economy Tune,van remap near me,phrase,High fit; query-shaped; low risk.
Van Tuning,Van Economy Tune,van remap work,phrase,High fit; query-shaped; low risk.
Van Tuning,Mobile Van Remap,van remap work mobile,phrase,High fit; query-shaped; low risk.
Van Tuning,Van Economy Tune,van remap work near me,phrase,High fit; query-shaped; low risk.
Van Tuning,Van Economy Tune,Van remapping near me,phrase,High fit; query-shaped; low risk.
Van Tuning,Van Economy Tune,van tune,phrase,High fit; query-shaped; low risk.
Van Tuning,Van Load & Driveability Tune,van tune driveability,phrase,High fit; query-shaped; low risk.
Van Tuning,Van Load & Driveability Tune,van tune driveability mobile,phrase,High fit; query-shaped; low risk.
Van Tuning,Van Load & Driveability Tune,van tune driveability near me,phrase,High fit; query-shaped; low risk.
Van Tuning,Van Load & Driveability Tune,van tune load,phrase,High fit; query-shaped; low risk.
Van Tuning,Van Load & Driveability Tune,van tune load mobile,phrase,High fit; query-shaped; low risk.
Van Tuning,Van Load & Driveability Tune,van tune load near me,phrase,High fit; query-shaped; low risk.
Van Tuning,Van Economy Tune,van tune mobile,phrase,High fit; query-shaped; low risk.
Van Tuning,Van Economy Tune,van tune near me,phrase,High fit; query-shaped; low risk.
Van Tuning,Van Economy Tune,van tune work,phrase,High fit; query-shaped; low risk.
Van Tuning,Van Economy Tune,van tune work mobile,phrase,High fit; query-shaped; low risk.
Van Tuning,Van Economy Tune,van tune work near me,phrase,High fit; query-shaped; low risk.
Van Tuning,Van Economy Tune,van tuning,phrase,High fit; query-shaped; low risk.
Van Tuning,Van Load & Driveability Tune,van tuning driveability,phrase,High fit; query-shaped; low risk.
Van Tuning,Van Load & Driveability Tune,van tuning driveability mobile,phrase,High fit; query-shaped; low risk.
Van Tuning,Van Load & Driveability Tune,van tuning driveability near me,phrase,High fit; query-shaped; low risk.
Van Tuning,Van Load & Driveability Tune,van tuning load,phrase,High fit; query-shaped; low risk.
Van Tuning,Van Load & Driveability Tune,van tuning load mobile,phrase,High fit; query-shaped; low risk.
Van Tuning,Van Load & Driveability Tune,van tuning load near me,phrase,High fit; query-shaped; low risk.
Van Tuning,Van Economy Tune,van tuning mobile,phrase,High fit; query-shaped; low risk.
Van Tuning,Van Economy Tune,van tuning near me,phrase,High fit; query-shaped; low risk.
Van Tuning,Van Economy Tune,van tuning work,phrase,High fit; query-shaped; low risk.
Van Tuning,Van Economy Tune,van tuning work mobile,phrase,High fit; query-shaped; low risk.
Van Tuning,Van Economy Tune,van tuning work near me,phrase,High fit; query-shaped; low risk.
Van Tuning,Van Economy Tune,vito economy remap,phrase,High fit; query-shaped; low risk.
Van Tuning,Van Economy Tune,vito economy remap driveability,phrase,High fit; query-shaped; low risk.
Van Tuning,Van Economy Tune,vito economy remap driveability mobile,exact,High fit; query-shaped; low risk.
Van Tuning,Van Economy Tune,vito economy remap driveability near me,exact,High fit; query-shaped; low risk.
Van Tuning,Van Economy Tune,vito economy remap load,phrase,High fit; query-shaped; low risk.
Van Tuning,Van Economy Tune,vito economy remap load mobile,exact,High fit; query-shaped; low risk.
Van Tuning,Van Economy Tune,vito economy remap load near me,exact,High fit; query-shaped; low risk.
Van Tuning,Van Economy Tune,vito economy remap mobile,exact,High fit; query-shaped; low risk.
Van Tuning,Van Economy Tune,vito economy remap near me,exact,High fit; query-shaped; low risk.
Van Tuning,Van Economy Tune,vito economy remap work,phrase,High fit; query-shaped; low risk.
Van Tuning,Van Economy Tune,vito economy remap work mobile,exact,High fit; query-shaped; low risk.
Van Tuning,Van Economy Tune,vito economy remap work near me,exact,High fit; query-shaped; low risk.
Van Tuning,Van Economy Tune,vito economy tune,phrase,High fit; query-shaped; low risk.
Van Tuning,Van Economy Tune,vito economy tune driveability,phrase,High fit; query-shaped; low risk.
Van Tuning,Van Economy Tune,vito economy tune driveability mobile,phrase,High fit; query-shaped; low risk.
Van Tuning,Van Economy Tune,vito economy tune driveability near me,phrase,High fit; query-shaped; low risk.
Van Tuning,Van Economy Tune,vito economy tune load,phrase,High fit; query-shaped; low risk.
Van Tuning,Van Economy Tune,vito economy tune load mobile,phrase,High fit; query-shaped; low risk.
Van Tuning,Van Economy Tune,vito economy tune load near me,phrase,High fit; query-shaped; low risk.
Van Tuning,Van Economy Tune,vito economy tune mobile,phrase,High fit; query-shaped; low risk.
Van Tuning,Van Economy Tune,vito economy tune near me,phrase,High fit; query-shaped; low risk.
Van Tuning,Van Economy Tune,vito economy tune work,phrase,High fit; query-shaped; low risk.
Van Tuning,Van Economy Tune,vito economy tune work mobile,phrase,High fit; query-shaped; low risk.
Van Tuning,Van Economy Tune,vito economy tune work near me,phrase,High fit; query-shaped; low risk.
Van Tuning,Van Economy Tune,vito fuel economy remap,exact,High fit; query-shaped; low risk.
Van Tuning,Van Economy Tune,vito fuel economy remap driveability,exact,High fit; query-shaped; low risk.
Van Tuning,Van Economy Tune,vito fuel economy remap driveability mobile,exact,High fit; query-shaped; low risk.
Van Tuning,Van Economy Tune,vito fuel economy remap driveability near me,exact,High fit; query-shaped; low risk.
Van Tuning,Van Economy Tune,vito fuel economy remap load,exact,High fit; query-shaped; low risk.
Van Tuning,Van Economy Tune,vito fuel economy remap load mobile,exact,High fit; query-shaped; low risk.
Van Tuning,Van Economy Tune,vito fuel economy remap load near me,exact,High fit; query-shaped; low risk.
Van Tuning,Van Economy Tune,vito fuel economy remap mobile,exact,High fit; query-shaped; low risk.
Van Tuning,Van Economy Tune,vito fuel economy remap near me,exact,High fit; query-shaped; low risk.
Van Tuning,Van Economy Tune,vito fuel economy remap work,exact,High fit; query-shaped; low risk.
Van Tuning,Van Economy Tune,vito fuel economy remap work mobile,exact,High fit; query-shaped; low risk.
Van Tuning,Van Economy Tune,vito fuel economy remap work near me,exact,High fit; query-shaped; low risk.
Van Tuning,Vito Remap,vito remap,phrase,High fit; query-shaped; low risk.
Van Tuning,Van Load & Driveability Tune,vito remap driveability,phrase,High fit; query-shaped; low risk.
Van Tuning,Van Load & Driveability Tune,vito remap driveability mobile,phrase,High fit; query-shaped; low risk.
Van Tuning,Van Load & Driveability Tune,vito remap driveability near me,phrase,High fit; query-shaped; low risk.
Van Tuning,Van Load & Driveability Tune,vito remap load,phrase,High fit; query-shaped; low risk.
Van Tuning,Van Load & Driveability Tune,vito remap load mobile,phrase,High fit; query-shaped; low risk.
Van Tuning,Van Load & Driveability Tune,vito remap load near me,phrase,High fit; query-shaped; low risk.
Van Tuning,Mobile Van Remap,vito remap mobile,phrase,High fit; query-shaped; low risk.
Van Tuning,Vito Remap,vito remap near me,phrase,High fit; query-shaped; low risk.
Van Tuning,Vito Remap,vito remap work,phrase,High fit; query-shaped; low risk.
Van Tuning,Mobile Van Remap,vito remap work mobile,phrase,High fit; query-shaped; low risk.
Van Tuning,Vito Remap,vito remap work near me,phrase,High fit; query-shaped; low risk.
Van Tuning,Vito Remap,vito tune,phrase,High fit; query-shaped; low risk.
Van Tuning,Van Load & Driveability Tune,vito tune driveability,phrase,High fit; query-shaped; low risk.
Van Tuning,Van Load & Driveability Tune,vito tune driveability mobile,phrase,High fit; query-shaped; low risk.
Van Tuning,Van Load & Driveability Tune,vito tune driveability near me,phrase,High fit; query-shaped; low risk.
Van Tuning,Van Load & Driveability Tune,vito tune load,phrase,High fit; query-shaped; low risk.
Van Tuning,Van Load & Driveability Tune,vito tune load mobile,phrase,High fit; query-shaped; low risk.
Van Tuning,Van Load & Driveability Tune,vito tune load near me,phrase,High fit; query-shaped; low risk.
Van Tuning,Vito Remap,vito tune mobile,phrase,High fit; query-shaped; low risk.
Van Tuning,Vito Remap,vito tune near me,phrase,High fit; query-shaped; low risk.
Van Tuning,Vito Remap,vito tune work,phrase,High fit; query-shaped; low risk.
Van Tuning,Vito Remap,vito tune work mobile,phrase,High fit; query-shaped; low risk.
Van Tuning,Vito Remap,vito tune work near me,phrase,High fit; query-shaped; low risk.
Van Tuning,Van Economy Tune,vito tuning,phrase,High fit; query-shaped; low risk.
Van Tuning,Van Load & Driveability Tune,vito tuning driveability,phrase,High fit; query-shaped; low risk.
Van Tuning,Van Load & Driveability Tune,vito tuning driveability mobile,phrase,High fit; query-shaped; low risk.
Van Tuning,Van Load & Driveability Tune,vito tuning driveability near me,phrase,High fit; query-shaped; low risk.
Van Tuning,Van Load & Driveability Tune,vito tuning load,phrase,High fit; query-shaped; low risk.
Van Tuning,Van Load & Driveability Tune,vito tuning load mobile,phrase,High fit; query-shaped; low risk.
Van Tuning,Van Load & Driveability Tune,vito tuning load near me,phrase,High fit; query-shaped; low risk.
Van Tuning,Van Economy Tune,vito tuning mobile,phrase,High fit; query-shaped; low risk.
Van Tuning,Van Economy Tune,vito tuning near me,phrase,High fit; query-shaped; low risk.
Van Tuning,Van Economy Tune,vito tuning work,phrase,High fit; query-shaped; low risk.
Van Tuning,Van Economy Tune,vito tuning work mobile,phrase,High fit; query-shaped; low risk.
Van Tuning,Van Economy Tune,vito tuning work near me,phrase,High fit; query-shaped; low risk.
