Campaign,Ad Group,Keyword,Match Type
Search | Diagnostics & VOR | Kent + SE London,Standard Diagnosis,"""check engine light diagnostics near me""",Phrase
Search | Diagnostics & VOR | Kent + SE London,Standard Diagnosis,"""Fault Diagnosis | Mobile Mercedes Mechanic | UK""",Phrase
Search | Diagnostics & VOR | Kent + SE London,Standard Diagnosis,"""Mercedes and Smart Diagnostics""",Phrase
Search | Diagnostics & VOR | Kent + SE London,Standard Diagnosis,"""Mercedes approved service near me""",Phrase
Search | Diagnostics & VOR | Kent + SE London,Standard Diagnosis,"""mercedes benz diagnostics near me""",Phrase
Search | Diagnostics & VOR | Kent + SE London,Standard Diagnosis,"""Mercedes Benz Star Diagnostics Programming & Coding""",Phrase
Search | Diagnostics & VOR | Kent + SE London,Standard Diagnosis,"""mercedes diagnostic""",Phrase
Search | Diagnostics & VOR | Kent + SE London,AdBlue / DPF / NOx,"""mercedes diagnostic adblue""",Phrase
Search | Diagnostics & VOR | Kent + SE London,AdBlue / DPF / NOx,"""mercedes diagnostic adblue kent""",Phrase
Search | Diagnostics & VOR | Kent + SE London,AdBlue / DPF / NOx,"""mercedes diagnostic adblue local""",Phrase
Search | Diagnostics & VOR | Kent + SE London,AdBlue / DPF / NOx,"""mercedes diagnostic adblue near me""",Phrase
Search | Diagnostics & VOR | Kent + SE London,Standard Diagnosis,"""mercedes diagnostic centre near me""",Phrase
Search | Diagnostics & VOR | Kent + SE London,Standard Diagnosis,"""mercedes diagnostic check near me""",Phrase
Search | Diagnostics & VOR | Kent + SE London,AdBlue / DPF / NOx,"""mercedes diagnostic dpf""",Phrase
Search | Diagnostics & VOR | Kent + SE London,AdBlue / DPF / NOx,"""mercedes diagnostic dpf kent""",Phrase
Search | Diagnostics & VOR | Kent + SE London,AdBlue / DPF / NOx,"""mercedes diagnostic dpf local""",Phrase
Search | Diagnostics & VOR | Kent + SE London,AdBlue / DPF / NOx,"""mercedes diagnostic dpf near me""",Phrase
Search | Diagnostics & VOR | Kent + SE London,Standard Diagnosis,"""mercedes diagnostic kent""",Phrase
Search | Diagnostics & VOR | Kent + SE London,Limp Mode / Derate,"""mercedes diagnostic limp mode""",Phrase
Search | Diagnostics & VOR | Kent + SE London,Limp Mode / Derate,"""mercedes diagnostic limp mode kent""",Phrase
Search | Diagnostics & VOR | Kent + SE London,Limp Mode / Derate,"""mercedes diagnostic limp mode local""",Phrase
Search | Diagnostics & VOR | Kent + SE London,Limp Mode / Derate,"""mercedes diagnostic limp mode near me""",Phrase
Search | Diagnostics & VOR | Kent + SE London,Standard Diagnosis,"""mercedes diagnostic local""",Phrase
Search | Diagnostics & VOR | Kent + SE London,Standard Diagnosis,"""mercedes diagnostic near me""",Phrase
Search | Diagnostics & VOR | Kent + SE London,AdBlue / DPF / NOx,"""mercedes diagnostic nox""",Phrase
Search | Diagnostics & VOR | Kent + SE London,AdBlue / DPF / NOx,"""mercedes diagnostic nox kent""",Phrase
Search | Diagnostics & VOR | Kent + SE London,AdBlue / DPF / NOx,"""mercedes diagnostic nox local""",Phrase
Search | Diagnostics & VOR | Kent + SE London,AdBlue / DPF / NOx,"""mercedes diagnostic nox near me""",Phrase
Search | Diagnostics & VOR | Kent + SE London,Limp Mode / Derate,"""mercedes diagnostic reduced power""",Phrase
Search | Diagnostics & VOR | Kent + SE London,Limp Mode / Derate,"""mercedes diagnostic reduced power kent""",Phrase
Search | Diagnostics & VOR | Kent + SE London,Limp Mode / Derate,"""mercedes diagnostic reduced power local""",Phrase
Search | Diagnostics & VOR | Kent + SE London,Limp Mode / Derate,"""mercedes diagnostic reduced power near me""",Phrase
Search | Diagnostics & VOR | Kent + SE London,Standard Diagnosis,"""mercedes diagnostic service near me""",Phrase
Search | Diagnostics & VOR | Kent + SE London,Standard Diagnosis,"""mercedes diagnostic test near me""",Phrase
Search | Diagnostics & VOR | Kent + SE London,VOR / Urgent Van Diagnostics,"""mercedes diagnostic wont start""",Phrase
Search | Diagnostics & VOR | Kent + SE London,VOR / Urgent Van Diagnostics,"""mercedes diagnostic wont start kent""",Phrase
Search | Diagnostics & VOR | Kent + SE London,VOR / Urgent Van Diagnostics,"""mercedes diagnostic wont start local""",Phrase
Search | Diagnostics & VOR | Kent + SE London,VOR / Urgent Van Diagnostics,"""mercedes diagnostic wont start near me""",Phrase
Search | Diagnostics & VOR | Kent + SE London,Standard Diagnosis,"""mercedes diagnostics""",Phrase
Search | Diagnostics & VOR | Kent + SE London,AdBlue / DPF / NOx,"""mercedes diagnostics adblue""",Phrase
Search | Diagnostics & VOR | Kent + SE London,AdBlue / DPF / NOx,"""mercedes diagnostics adblue kent""",Phrase
Search | Diagnostics & VOR | Kent + SE London,AdBlue / DPF / NOx,"""mercedes diagnostics adblue local""",Phrase
Search | Diagnostics & VOR | Kent + SE London,AdBlue / DPF / NOx,"""mercedes diagnostics adblue near me""",Phrase
Search | Diagnostics & VOR | Kent + SE London,AdBlue / DPF / NOx,"""mercedes diagnostics dpf""",Phrase
Search | Diagnostics & VOR | Kent + SE London,AdBlue / DPF / NOx,"""mercedes diagnostics dpf kent""",Phrase
Search | Diagnostics & VOR | Kent + SE London,AdBlue / DPF / NOx,"""mercedes diagnostics dpf local""",Phrase
Search | Diagnostics & VOR | Kent + SE London,AdBlue / DPF / NOx,"""mercedes diagnostics dpf near me""",Phrase
Search | Diagnostics & VOR | Kent + SE London,Standard Diagnosis,"""Mercedes diagnostics in Kent""",Phrase
Search | Diagnostics & VOR | Kent + SE London,Standard Diagnosis,"""mercedes diagnostics kent""",Phrase
Search | Diagnostics & VOR | Kent + SE London,Limp Mode / Derate,"""mercedes diagnostics limp mode""",Phrase
Search | Diagnostics & VOR | Kent + SE London,Limp Mode / Derate,"""mercedes diagnostics limp mode kent""",Phrase
Search | Diagnostics & VOR | Kent + SE London,Limp Mode / Derate,"""mercedes diagnostics limp mode local""",Phrase
Search | Diagnostics & VOR | Kent + SE London,Limp Mode / Derate,"""mercedes diagnostics limp mode near me""",Phrase
Search | Diagnostics & VOR | Kent + SE London,Standard Diagnosis,"""mercedes diagnostics local""",Phrase
Search | Diagnostics & VOR | Kent + SE London,Standard Diagnosis,"""mercedes diagnostics near me""",Phrase
Search | Diagnostics & VOR | Kent + SE London,AdBlue / DPF / NOx,"""mercedes diagnostics nox""",Phrase
Search | Diagnostics & VOR | Kent + SE London,AdBlue / DPF / NOx,"""mercedes diagnostics nox kent""",Phrase
Search | Diagnostics & VOR | Kent + SE London,AdBlue / DPF / NOx,"""mercedes diagnostics nox local""",Phrase
Search | Diagnostics & VOR | Kent + SE London,AdBlue / DPF / NOx,"""mercedes diagnostics nox near me""",Phrase
Search | Diagnostics & VOR | Kent + SE London,Limp Mode / Derate,"""mercedes diagnostics reduced power""",Phrase
Search | Diagnostics & VOR | Kent + SE London,Limp Mode / Derate,"""mercedes diagnostics reduced power kent""",Phrase
Search | Diagnostics & VOR | Kent + SE London,Limp Mode / Derate,"""mercedes diagnostics reduced power local""",Phrase
Search | Diagnostics & VOR | Kent + SE London,Limp Mode / Derate,"""mercedes diagnostics reduced power near me""",Phrase
Search | Diagnostics & VOR | Kent + SE London,VOR / Urgent Van Diagnostics,"""mercedes diagnostics wont start""",Phrase
Search | Diagnostics & VOR | Kent + SE London,VOR / Urgent Van Diagnostics,"""mercedes diagnostics wont start kent""",Phrase
Search | Diagnostics & VOR | Kent + SE London,VOR / Urgent Van Diagnostics,"""mercedes diagnostics wont start local""",Phrase
Search | Diagnostics & VOR | Kent + SE London,VOR / Urgent Van Diagnostics,"""mercedes diagnostics wont start near me""",Phrase
Search | Diagnostics & VOR | Kent + SE London,Standard Diagnosis,"""mercedes engine check""",Phrase
Search | Diagnostics & VOR | Kent + SE London,AdBlue / DPF / NOx,"""mercedes engine check adblue""",Phrase
Search | Diagnostics & VOR | Kent + SE London,AdBlue / DPF / NOx,"""mercedes engine check adblue kent""",Phrase
Search | Diagnostics & VOR | Kent + SE London,AdBlue / DPF / NOx,"""mercedes engine check adblue local""",Phrase
Search | Diagnostics & VOR | Kent + SE London,AdBlue / DPF / NOx,"""mercedes engine check adblue near me""",Phrase
Search | Diagnostics & VOR | Kent + SE London,AdBlue / DPF / NOx,"""mercedes engine check dpf""",Phrase
Search | Diagnostics & VOR | Kent + SE London,AdBlue / DPF / NOx,"""mercedes engine check dpf kent""",Phrase
Search | Diagnostics & VOR | Kent + SE London,AdBlue / DPF / NOx,"""mercedes engine check dpf local""",Phrase
Search | Diagnostics & VOR | Kent + SE London,AdBlue / DPF / NOx,"""mercedes engine check dpf near me""",Phrase
Search | Diagnostics & VOR | Kent + SE London,Standard Diagnosis,"""mercedes engine check kent""",Phrase
Search | Diagnostics & VOR | Kent + SE London,Limp Mode / Derate,"""mercedes engine check limp mode""",Phrase
Search | Diagnostics & VOR | Kent + SE London,Limp Mode / Derate,"""mercedes engine check limp mode kent""",Phrase
Search | Diagnostics & VOR | Kent + SE London,Limp Mode / Derate,"""mercedes engine check limp mode local""",Phrase
Search | Diagnostics & VOR | Kent + SE London,Limp Mode / Derate,"""mercedes engine check limp mode near me""",Phrase
Search | Diagnostics & VOR | Kent + SE London,Standard Diagnosis,"""mercedes engine check local""",Phrase
Search | Diagnostics & VOR | Kent + SE London,Standard Diagnosis,"""mercedes engine check near me""",Phrase
Search | Diagnostics & VOR | Kent + SE London,AdBlue / DPF / NOx,"""mercedes engine check nox""",Phrase
Search | Diagnostics & VOR | Kent + SE London,AdBlue / DPF / NOx,"""mercedes engine check nox kent""",Phrase
Search | Diagnostics & VOR | Kent + SE London,AdBlue / DPF / NOx,"""mercedes engine check nox local""",Phrase
Search | Diagnostics & VOR | Kent + SE London,AdBlue / DPF / NOx,"""mercedes engine check nox near me""",Phrase
Search | Diagnostics & VOR | Kent + SE London,Limp Mode / Derate,"""mercedes engine check reduced power""",Phrase
Search | Diagnostics & VOR | Kent + SE London,Limp Mode / Derate,"""mercedes engine check reduced power kent""",Phrase
Search | Diagnostics & VOR | Kent + SE London,Limp Mode / Derate,"""mercedes engine check reduced power local""",Phrase
Search | Diagnostics & VOR | Kent + SE London,Limp Mode / Derate,"""mercedes engine check reduced power near me""",Phrase
Search | Diagnostics & VOR | Kent + SE London,VOR / Urgent Van Diagnostics,"""mercedes engine check wont start""",Phrase
Search | Diagnostics & VOR | Kent + SE London,VOR / Urgent Van Diagnostics,"""mercedes engine check wont start kent""",Phrase
Search | Diagnostics & VOR | Kent + SE London,VOR / Urgent Van Diagnostics,"""mercedes engine check wont start local""",Phrase
Search | Diagnostics & VOR | Kent + SE London,VOR / Urgent Van Diagnostics,"""mercedes engine check wont start near me""",Phrase
Search | Diagnostics & VOR | Kent + SE London,AdBlue / DPF / NOx,"""mercedes fault finding adblue near me""",Phrase
Search | Diagnostics & VOR | Kent + SE London,AdBlue / DPF / NOx,"""mercedes fault finding dpf near me""",Phrase
Search | Diagnostics & VOR | Kent + SE London,Limp Mode / Derate,"""mercedes fault finding limp mode near me""",Phrase
Search | Diagnostics & VOR | Kent + SE London,Standard Diagnosis,"""mercedes fault finding near me""",Phrase
Search | Diagnostics & VOR | Kent + SE London,AdBlue / DPF / NOx,"""mercedes fault finding nox near me""",Phrase
Search | Diagnostics & VOR | Kent + SE London,Limp Mode / Derate,"""mercedes fault finding reduced power near me""",Phrase
Search | Diagnostics & VOR | Kent + SE London,VOR / Urgent Van Diagnostics,"""mercedes fault finding wont start near me""",Phrase
Search | Diagnostics & VOR | Kent + SE London,Standard Diagnosis,"""Mercedes independent specialist near me""",Phrase
Search | Diagnostics & VOR | Kent + SE London,Standard Diagnosis,[mercedes mobile diagnostics near me],Exact
Search | Diagnostics & VOR | Kent + SE London,Standard Diagnosis,"""Mercedes Sprinter specialist near me""",Phrase
Search | Diagnostics & VOR | Kent + SE London,Standard Diagnosis,"""mercedes star diagnostics near me""",Phrase
Search | Diagnostics & VOR | Kent + SE London,Standard Diagnosis,"""mercedes warning light check""",Phrase
Search | Diagnostics & VOR | Kent + SE London,AdBlue / DPF / NOx,"""mercedes warning light check adblue""",Phrase
Search | Diagnostics & VOR | Kent + SE London,AdBlue / DPF / NOx,"""mercedes warning light check adblue kent""",Phrase
Search | Diagnostics & VOR | Kent + SE London,AdBlue / DPF / NOx,"""mercedes warning light check adblue local""",Phrase
Search | Diagnostics & VOR | Kent + SE London,AdBlue / DPF / NOx,"""mercedes warning light check adblue near me""",Phrase
Search | Diagnostics & VOR | Kent + SE London,AdBlue / DPF / NOx,"""mercedes warning light check dpf""",Phrase
Search | Diagnostics & VOR | Kent + SE London,AdBlue / DPF / NOx,"""mercedes warning light check dpf kent""",Phrase
Search | Diagnostics & VOR | Kent + SE London,AdBlue / DPF / NOx,"""mercedes warning light check dpf local""",Phrase
Search | Diagnostics & VOR | Kent + SE London,AdBlue / DPF / NOx,"""mercedes warning light check dpf near me""",Phrase
Search | Diagnostics & VOR | Kent + SE London,Standard Diagnosis,"""mercedes warning light check kent""",Phrase
Search | Diagnostics & VOR | Kent + SE London,Limp Mode / Derate,"""mercedes warning light check limp mode""",Phrase
Search | Diagnostics & VOR | Kent + SE London,Limp Mode / Derate,"""mercedes warning light check limp mode kent""",Phrase
Search | Diagnostics & VOR | Kent + SE London,Limp Mode / Derate,"""mercedes warning light check limp mode local""",Phrase
Search | Diagnostics & VOR | Kent + SE London,Limp Mode / Derate,"""mercedes warning light check limp mode near me""",Phrase
Search | Diagnostics & VOR | Kent + SE London,Standard Diagnosis,"""mercedes warning light check local""",Phrase
Search | Diagnostics & VOR | Kent + SE London,Standard Diagnosis,"""mercedes warning light check near me""",Phrase
Search | Diagnostics & VOR | Kent + SE London,AdBlue / DPF / NOx,"""mercedes warning light check nox""",Phrase
Search | Diagnostics & VOR | Kent + SE London,AdBlue / DPF / NOx,"""mercedes warning light check nox kent""",Phrase
Search | Diagnostics & VOR | Kent + SE London,AdBlue / DPF / NOx,"""mercedes warning light check nox local""",Phrase
Search | Diagnostics & VOR | Kent + SE London,AdBlue / DPF / NOx,"""mercedes warning light check nox near me""",Phrase
Search | Diagnostics & VOR | Kent + SE London,Limp Mode / Derate,"""mercedes warning light check reduced power""",Phrase
Search | Diagnostics & VOR | Kent + SE London,Limp Mode / Derate,"""mercedes warning light check reduced power kent""",Phrase
Search | Diagnostics & VOR | Kent + SE London,Limp Mode / Derate,"""mercedes warning light check reduced power local""",Phrase
Search | Diagnostics & VOR | Kent + SE London,Limp Mode / Derate,"""mercedes warning light check reduced power near me""",Phrase
Search | Diagnostics & VOR | Kent + SE London,VOR / Urgent Van Diagnostics,"""mercedes warning light check wont start""",Phrase
Search | Diagnostics & VOR | Kent + SE London,VOR / Urgent Van Diagnostics,"""mercedes warning light check wont start kent""",Phrase
Search | Diagnostics & VOR | Kent + SE London,VOR / Urgent Van Diagnostics,"""mercedes warning light check wont start local""",Phrase
Search | Diagnostics & VOR | Kent + SE London,VOR / Urgent Van Diagnostics,"""mercedes warning light check wont start near me""",Phrase
Search | Diagnostics & VOR | Kent + SE London,Standard Diagnosis,"""mobile diagnostic""",Phrase
Search | Diagnostics & VOR | Kent + SE London,AdBlue / DPF / NOx,"""mobile diagnostic adblue""",Phrase
Search | Diagnostics & VOR | Kent + SE London,AdBlue / DPF / NOx,"""mobile diagnostic adblue kent""",Phrase
Search | Diagnostics & VOR | Kent + SE London,AdBlue / DPF / NOx,"""mobile diagnostic adblue local""",Phrase
Search | Diagnostics & VOR | Kent + SE London,AdBlue / DPF / NOx,"""mobile diagnostic adblue near me""",Phrase
Search | Diagnostics & VOR | Kent + SE London,AdBlue / DPF / NOx,"""mobile diagnostic dpf""",Phrase
Search | Diagnostics & VOR | Kent + SE London,AdBlue / DPF / NOx,"""mobile diagnostic dpf kent""",Phrase
Search | Diagnostics & VOR | Kent + SE London,AdBlue / DPF / NOx,"""mobile diagnostic dpf local""",Phrase
Search | Diagnostics & VOR | Kent + SE London,AdBlue / DPF / NOx,"""mobile diagnostic dpf near me""",Phrase
Search | Diagnostics & VOR | Kent + SE London,Standard Diagnosis,"""mobile diagnostic kent""",Phrase
Search | Diagnostics & VOR | Kent + SE London,Limp Mode / Derate,"""mobile diagnostic limp mode""",Phrase
Search | Diagnostics & VOR | Kent + SE London,Limp Mode / Derate,"""mobile diagnostic limp mode kent""",Phrase
Search | Diagnostics & VOR | Kent + SE London,Limp Mode / Derate,"""mobile diagnostic limp mode local""",Phrase
Search | Diagnostics & VOR | Kent + SE London,Limp Mode / Derate,"""mobile diagnostic limp mode near me""",Phrase
Search | Diagnostics & VOR | Kent + SE London,Standard Diagnosis,"""mobile diagnostic local""",Phrase
Search | Diagnostics & VOR | Kent + SE London,Standard Diagnosis,"""mobile diagnostic near me""",Phrase
Search | Diagnostics & VOR | Kent + SE London,AdBlue / DPF / NOx,"""mobile diagnostic nox""",Phrase
Search | Diagnostics & VOR | Kent + SE London,AdBlue / DPF / NOx,"""mobile diagnostic nox kent""",Phrase
Search | Diagnostics & VOR | Kent + SE London,AdBlue / DPF / NOx,"""mobile diagnostic nox local""",Phrase
Search | Diagnostics & VOR | Kent + SE London,AdBlue / DPF / NOx,"""mobile diagnostic nox near me""",Phrase
Search | Diagnostics & VOR | Kent + SE London,Limp Mode / Derate,"""mobile diagnostic reduced power""",Phrase
Search | Diagnostics & VOR | Kent + SE London,Limp Mode / Derate,"""mobile diagnostic reduced power kent""",Phrase
Search | Diagnostics & VOR | Kent + SE London,Limp Mode / Derate,"""mobile diagnostic reduced power local""",Phrase
Search | Diagnostics & VOR | Kent + SE London,Limp Mode / Derate,"""mobile diagnostic reduced power near me""",Phrase
Search | Diagnostics & VOR | Kent + SE London,VOR / Urgent Van Diagnostics,"""mobile diagnostic wont start""",Phrase
Search | Diagnostics & VOR | Kent + SE London,VOR / Urgent Van Diagnostics,"""mobile diagnostic wont start kent""",Phrase
Search | Diagnostics & VOR | Kent + SE London,VOR / Urgent Van Diagnostics,"""mobile diagnostic wont start local""",Phrase
Search | Diagnostics & VOR | Kent + SE London,VOR / Urgent Van Diagnostics,"""mobile diagnostic wont start near me""",Phrase
Search | Diagnostics & VOR | Kent + SE London,Standard Diagnosis,"""mobile diagnostics""",Phrase
Search | Diagnostics & VOR | Kent + SE London,AdBlue / DPF / NOx,"""mobile diagnostics adblue""",Phrase
Search | Diagnostics & VOR | Kent + SE London,AdBlue / DPF / NOx,"""mobile diagnostics adblue kent""",Phrase
Search | Diagnostics & VOR | Kent + SE London,AdBlue / DPF / NOx,"""mobile diagnostics adblue local""",Phrase
Search | Diagnostics & VOR | Kent + SE London,AdBlue / DPF / NOx,"""mobile diagnostics adblue near me""",Phrase
Search | Diagnostics & VOR | Kent + SE London,AdBlue / DPF / NOx,"""mobile diagnostics dpf""",Phrase
Search | Diagnostics & VOR | Kent + SE London,AdBlue / DPF / NOx,"""mobile diagnostics dpf kent""",Phrase
Search | Diagnostics & VOR | Kent + SE London,AdBlue / DPF / NOx,"""mobile diagnostics dpf local""",Phrase
Search | Diagnostics & VOR | Kent + SE London,AdBlue / DPF / NOx,"""mobile diagnostics dpf near me""",Phrase
Search | Diagnostics & VOR | Kent + SE London,Standard Diagnosis,"""mobile diagnostics kent""",Phrase
Search | Diagnostics & VOR | Kent + SE London,Limp Mode / Derate,"""mobile diagnostics limp mode""",Phrase
Search | Diagnostics & VOR | Kent + SE London,Limp Mode / Derate,"""mobile diagnostics limp mode kent""",Phrase
Search | Diagnostics & VOR | Kent + SE London,Limp Mode / Derate,"""mobile diagnostics limp mode local""",Phrase
Search | Diagnostics & VOR | Kent + SE London,Limp Mode / Derate,"""mobile diagnostics limp mode near me""",Phrase
Search | Diagnostics & VOR | Kent + SE London,Standard Diagnosis,"""mobile diagnostics local""",Phrase
Search | Diagnostics & VOR | Kent + SE London,Standard Diagnosis,"""mobile diagnostics near me""",Phrase
Search | Diagnostics & VOR | Kent + SE London,AdBlue / DPF / NOx,"""mobile diagnostics nox""",Phrase
Search | Diagnostics & VOR | Kent + SE London,AdBlue / DPF / NOx,"""mobile diagnostics nox kent""",Phrase
Search | Diagnostics & VOR | Kent + SE London,AdBlue / DPF / NOx,"""mobile diagnostics nox local""",Phrase
Search | Diagnostics & VOR | Kent + SE London,AdBlue / DPF / NOx,"""mobile diagnostics nox near me""",Phrase
Search | Diagnostics & VOR | Kent + SE London,Limp Mode / Derate,"""mobile diagnostics reduced power""",Phrase
Search | Diagnostics & VOR | Kent + SE London,Limp Mode / Derate,"""mobile diagnostics reduced power kent""",Phrase
Search | Diagnostics & VOR | Kent + SE London,Limp Mode / Derate,"""mobile diagnostics reduced power local""",Phrase
Search | Diagnostics & VOR | Kent + SE London,Limp Mode / Derate,"""mobile diagnostics reduced power near me""",Phrase
Search | Diagnostics & VOR | Kent + SE London,VOR / Urgent Van Diagnostics,"""mobile diagnostics wont start""",Phrase
Search | Diagnostics & VOR | Kent + SE London,VOR / Urgent Van Diagnostics,"""mobile diagnostics wont start kent""",Phrase
Search | Diagnostics & VOR | Kent + SE London,VOR / Urgent Van Diagnostics,"""mobile diagnostics wont start local""",Phrase
Search | Diagnostics & VOR | Kent + SE London,VOR / Urgent Van Diagnostics,"""mobile diagnostics wont start near me""",Phrase
Search | Diagnostics & VOR | Kent + SE London,Standard Diagnosis,"""mobile engine check""",Phrase
Search | Diagnostics & VOR | Kent + SE London,AdBlue / DPF / NOx,"""mobile engine check adblue""",Phrase
Search | Diagnostics & VOR | Kent + SE London,AdBlue / DPF / NOx,"""mobile engine check adblue kent""",Phrase
Search | Diagnostics & VOR | Kent + SE London,AdBlue / DPF / NOx,"""mobile engine check adblue local""",Phrase
Search | Diagnostics & VOR | Kent + SE London,AdBlue / DPF / NOx,"""mobile engine check adblue near me""",Phrase
Search | Diagnostics & VOR | Kent + SE London,AdBlue / DPF / NOx,"""mobile engine check dpf""",Phrase
Search | Diagnostics & VOR | Kent + SE London,AdBlue / DPF / NOx,"""mobile engine check dpf kent""",Phrase
Search | Diagnostics & VOR | Kent + SE London,AdBlue / DPF / NOx,"""mobile engine check dpf local""",Phrase
Search | Diagnostics & VOR | Kent + SE London,AdBlue / DPF / NOx,"""mobile engine check dpf near me""",Phrase
Search | Diagnostics & VOR | Kent + SE London,Standard Diagnosis,"""mobile engine check kent""",Phrase
Search | Diagnostics & VOR | Kent + SE London,Limp Mode / Derate,"""mobile engine check limp mode""",Phrase
Search | Diagnostics & VOR | Kent + SE London,Limp Mode / Derate,"""mobile engine check limp mode kent""",Phrase
Search | Diagnostics & VOR | Kent + SE London,Limp Mode / Derate,"""mobile engine check limp mode local""",Phrase
Search | Diagnostics & VOR | Kent + SE London,Limp Mode / Derate,"""mobile engine check limp mode near me""",Phrase
Search | Diagnostics & VOR | Kent + SE London,Standard Diagnosis,"""mobile engine check local""",Phrase
Search | Diagnostics & VOR | Kent + SE London,Standard Diagnosis,"""mobile engine check near me""",Phrase
Search | Diagnostics & VOR | Kent + SE London,AdBlue / DPF / NOx,"""mobile engine check nox""",Phrase
Search | Diagnostics & VOR | Kent + SE London,AdBlue / DPF / NOx,"""mobile engine check nox kent""",Phrase
Search | Diagnostics & VOR | Kent + SE London,AdBlue / DPF / NOx,"""mobile engine check nox local""",Phrase
Search | Diagnostics & VOR | Kent + SE London,AdBlue / DPF / NOx,"""mobile engine check nox near me""",Phrase
Search | Diagnostics & VOR | Kent + SE London,Limp Mode / Derate,"""mobile engine check reduced power""",Phrase
Search | Diagnostics & VOR | Kent + SE London,Limp Mode / Derate,"""mobile engine check reduced power kent""",Phrase
Search | Diagnostics & VOR | Kent + SE London,Limp Mode / Derate,"""mobile engine check reduced power local""",Phrase
Search | Diagnostics & VOR | Kent + SE London,Limp Mode / Derate,"""mobile engine check reduced power near me""",Phrase
Search | Diagnostics & VOR | Kent + SE London,VOR / Urgent Van Diagnostics,"""mobile engine check wont start""",Phrase
Search | Diagnostics & VOR | Kent + SE London,VOR / Urgent Van Diagnostics,"""mobile engine check wont start kent""",Phrase
Search | Diagnostics & VOR | Kent + SE London,VOR / Urgent Van Diagnostics,"""mobile engine check wont start local""",Phrase
Search | Diagnostics & VOR | Kent + SE London,VOR / Urgent Van Diagnostics,"""mobile engine check wont start near me""",Phrase
Search | Diagnostics & VOR | Kent + SE London,Standard Diagnosis,"""mobile engine diagnostics near me""",Phrase
Search | Diagnostics & VOR | Kent + SE London,AdBlue / DPF / NOx,"""mobile fault finding adblue near me""",Phrase
Search | Diagnostics & VOR | Kent + SE London,AdBlue / DPF / NOx,"""mobile fault finding dpf near me""",Phrase
Search | Diagnostics & VOR | Kent + SE London,Limp Mode / Derate,"""mobile fault finding limp mode near me""",Phrase
Search | Diagnostics & VOR | Kent + SE London,Standard Diagnosis,"""mobile fault finding near me""",Phrase
Search | Diagnostics & VOR | Kent + SE London,AdBlue / DPF / NOx,"""mobile fault finding nox near me""",Phrase
Search | Diagnostics & VOR | Kent + SE London,Limp Mode / Derate,"""mobile fault finding reduced power near me""",Phrase
Search | Diagnostics & VOR | Kent + SE London,VOR / Urgent Van Diagnostics,"""mobile fault finding wont start near me""",Phrase
Search | Diagnostics & VOR | Kent + SE London,Standard Diagnosis,"""Mobile mechanic near me""",Phrase
Search | Diagnostics & VOR | Kent + SE London,Standard Diagnosis,"""mobile mercedes diagnostics""",Phrase
Search | Diagnostics & VOR | Kent + SE London,Standard Diagnosis,"""Mobile mercedes diagnostics london""",Phrase
Search | Diagnostics & VOR | Kent + SE London,Standard Diagnosis,[Mobile mercedes diagnostics near me],Exact
Search | Diagnostics & VOR | Kent + SE London,Standard Diagnosis,"""mobile mercedes star diagnostic""",Phrase
Search | Diagnostics & VOR | Kent + SE London,Standard Diagnosis,[mobile van diagnostics near me],Exact
Search | Diagnostics & VOR | Kent + SE London,Standard Diagnosis,"""mobile vehicle diagnostics near me""",Phrase
Search | Diagnostics & VOR | Kent + SE London,Standard Diagnosis,"""mobile warning light check""",Phrase
Search | Diagnostics & VOR | Kent + SE London,AdBlue / DPF / NOx,"""mobile warning light check adblue""",Phrase
Search | Diagnostics & VOR | Kent + SE London,AdBlue / DPF / NOx,"""mobile warning light check adblue kent""",Phrase
Search | Diagnostics & VOR | Kent + SE London,AdBlue / DPF / NOx,"""mobile warning light check adblue local""",Phrase
Search | Diagnostics & VOR | Kent + SE London,AdBlue / DPF / NOx,"""mobile warning light check adblue near me""",Phrase
Search | Diagnostics & VOR | Kent + SE London,AdBlue / DPF / NOx,"""mobile warning light check dpf""",Phrase
Search | Diagnostics & VOR | Kent + SE London,AdBlue / DPF / NOx,"""mobile warning light check dpf kent""",Phrase
Search | Diagnostics & VOR | Kent + SE London,AdBlue / DPF / NOx,"""mobile warning light check dpf local""",Phrase
Search | Diagnostics & VOR | Kent + SE London,AdBlue / DPF / NOx,"""mobile warning light check dpf near me""",Phrase
Search | Diagnostics & VOR | Kent + SE London,Standard Diagnosis,"""mobile warning light check kent""",Phrase
Search | Diagnostics & VOR | Kent + SE London,Limp Mode / Derate,"""mobile warning light check limp mode""",Phrase
Search | Diagnostics & VOR | Kent + SE London,Limp Mode / Derate,"""mobile warning light check limp mode kent""",Phrase
Search | Diagnostics & VOR | Kent + SE London,Limp Mode / Derate,"""mobile warning light check limp mode local""",Phrase
Search | Diagnostics & VOR | Kent + SE London,Limp Mode / Derate,"""mobile warning light check limp mode near me""",Phrase
Search | Diagnostics & VOR | Kent + SE London,Standard Diagnosis,"""mobile warning light check local""",Phrase
Search | Diagnostics & VOR | Kent + SE London,Standard Diagnosis,"""mobile warning light check near me""",Phrase
Search | Diagnostics & VOR | Kent + SE London,AdBlue / DPF / NOx,"""mobile warning light check nox""",Phrase
Search | Diagnostics & VOR | Kent + SE London,AdBlue / DPF / NOx,"""mobile warning light check nox kent""",Phrase
Search | Diagnostics & VOR | Kent + SE London,AdBlue / DPF / NOx,"""mobile warning light check nox local""",Phrase
Search | Diagnostics & VOR | Kent + SE London,AdBlue / DPF / NOx,"""mobile warning light check nox near me""",Phrase
Search | Diagnostics & VOR | Kent + SE London,Limp Mode / Derate,"""mobile warning light check reduced power""",Phrase
Search | Diagnostics & VOR | Kent + SE London,Limp Mode / Derate,"""mobile warning light check reduced power kent""",Phrase
Search | Diagnostics & VOR | Kent + SE London,Limp Mode / Derate,"""mobile warning light check reduced power local""",Phrase
Search | Diagnostics & VOR | Kent + SE London,Limp Mode / Derate,"""mobile warning light check reduced power near me""",Phrase
Search | Diagnostics & VOR | Kent + SE London,VOR / Urgent Van Diagnostics,"""mobile warning light check wont start""",Phrase
Search | Diagnostics & VOR | Kent + SE London,VOR / Urgent Van Diagnostics,"""mobile warning light check wont start kent""",Phrase
Search | Diagnostics & VOR | Kent + SE London,VOR / Urgent Van Diagnostics,"""mobile warning light check wont start local""",Phrase
Search | Diagnostics & VOR | Kent + SE London,VOR / Urgent Van Diagnostics,"""mobile warning light check wont start near me""",Phrase
Search | Diagnostics & VOR | Kent + SE London,Standard Diagnosis,"""Paul mobile Mercedes mechanic""",Phrase
Search | Diagnostics & VOR | Kent + SE London,Standard Diagnosis,"""sprinter diagnostic""",Phrase
Search | Diagnostics & VOR | Kent + SE London,AdBlue / DPF / NOx,"""sprinter diagnostic adblue""",Phrase
Search | Diagnostics & VOR | Kent + SE London,AdBlue / DPF / NOx,"""sprinter diagnostic adblue kent""",Phrase
Search | Diagnostics & VOR | Kent + SE London,AdBlue / DPF / NOx,"""sprinter diagnostic adblue local""",Phrase
Search | Diagnostics & VOR | Kent + SE London,AdBlue / DPF / NOx,"""sprinter diagnostic adblue near me""",Phrase
Search | Diagnostics & VOR | Kent + SE London,AdBlue / DPF / NOx,"""sprinter diagnostic dpf""",Phrase
Search | Diagnostics & VOR | Kent + SE London,AdBlue / DPF / NOx,"""sprinter diagnostic dpf kent""",Phrase
Search | Diagnostics & VOR | Kent + SE London,AdBlue / DPF / NOx,"""sprinter diagnostic dpf local""",Phrase
Search | Diagnostics & VOR | Kent + SE London,AdBlue / DPF / NOx,"""sprinter diagnostic dpf near me""",Phrase
Search | Diagnostics & VOR | Kent + SE London,Standard Diagnosis,"""sprinter diagnostic kent""",Phrase
Search | Diagnostics & VOR | Kent + SE London,Limp Mode / Derate,"""sprinter diagnostic limp mode""",Phrase
Search | Diagnostics & VOR | Kent + SE London,Limp Mode / Derate,"""sprinter diagnostic limp mode kent""",Phrase
Search | Diagnostics & VOR | Kent + SE London,Limp Mode / Derate,"""sprinter diagnostic limp mode local""",Phrase
Search | Diagnostics & VOR | Kent + SE London,Limp Mode / Derate,"""sprinter diagnostic limp mode near me""",Phrase
Search | Diagnostics & VOR | Kent + SE London,Standard Diagnosis,"""sprinter diagnostic local""",Phrase
Search | Diagnostics & VOR | Kent + SE London,Standard Diagnosis,"""sprinter diagnostic near me""",Phrase
Search | Diagnostics & VOR | Kent + SE London,AdBlue / DPF / NOx,"""sprinter diagnostic nox""",Phrase
Search | Diagnostics & VOR | Kent + SE London,AdBlue / DPF / NOx,"""sprinter diagnostic nox kent""",Phrase
Search | Diagnostics & VOR | Kent + SE London,AdBlue / DPF / NOx,"""sprinter diagnostic nox local""",Phrase
Search | Diagnostics & VOR | Kent + SE London,AdBlue / DPF / NOx,"""sprinter diagnostic nox near me""",Phrase
Search | Diagnostics & VOR | Kent + SE London,Limp Mode / Derate,"""sprinter diagnostic reduced power""",Phrase
Search | Diagnostics & VOR | Kent + SE London,Limp Mode / Derate,"""sprinter diagnostic reduced power kent""",Phrase
Search | Diagnostics & VOR | Kent + SE London,Limp Mode / Derate,"""sprinter diagnostic reduced power local""",Phrase
Search | Diagnostics & VOR | Kent + SE London,Limp Mode / Derate,"""sprinter diagnostic reduced power near me""",Phrase
Search | Diagnostics & VOR | Kent + SE London,VOR / Urgent Van Diagnostics,"""sprinter diagnostic wont start""",Phrase
Search | Diagnostics & VOR | Kent + SE London,VOR / Urgent Van Diagnostics,"""sprinter diagnostic wont start kent""",Phrase
Search | Diagnostics & VOR | Kent + SE London,VOR / Urgent Van Diagnostics,"""sprinter diagnostic wont start local""",Phrase
Search | Diagnostics & VOR | Kent + SE London,VOR / Urgent Van Diagnostics,"""sprinter diagnostic wont start near me""",Phrase
Search | Diagnostics & VOR | Kent + SE London,Standard Diagnosis,"""sprinter diagnostics""",Phrase
Search | Diagnostics & VOR | Kent + SE London,AdBlue / DPF / NOx,"""sprinter diagnostics adblue""",Phrase
Search | Diagnostics & VOR | Kent + SE London,AdBlue / DPF / NOx,"""sprinter diagnostics adblue kent""",Phrase
Search | Diagnostics & VOR | Kent + SE London,AdBlue / DPF / NOx,"""sprinter diagnostics adblue local""",Phrase
Search | Diagnostics & VOR | Kent + SE London,AdBlue / DPF / NOx,"""sprinter diagnostics adblue near me""",Phrase
Search | Diagnostics & VOR | Kent + SE London,AdBlue / DPF / NOx,"""sprinter diagnostics dpf""",Phrase
Search | Diagnostics & VOR | Kent + SE London,AdBlue / DPF / NOx,"""sprinter diagnostics dpf kent""",Phrase
Search | Diagnostics & VOR | Kent + SE London,AdBlue / DPF / NOx,"""sprinter diagnostics dpf local""",Phrase
Search | Diagnostics & VOR | Kent + SE London,AdBlue / DPF / NOx,"""sprinter diagnostics dpf near me""",Phrase
Search | Diagnostics & VOR | Kent + SE London,Standard Diagnosis,"""sprinter diagnostics kent""",Phrase
Search | Diagnostics & VOR | Kent + SE London,Limp Mode / Derate,"""sprinter diagnostics limp mode""",Phrase
Search | Diagnostics & VOR | Kent + SE London,Limp Mode / Derate,"""sprinter diagnostics limp mode kent""",Phrase
Search | Diagnostics & VOR | Kent + SE London,Limp Mode / Derate,"""sprinter diagnostics limp mode local""",Phrase
Search | Diagnostics & VOR | Kent + SE London,Limp Mode / Derate,"""sprinter diagnostics limp mode near me""",Phrase
Search | Diagnostics & VOR | Kent + SE London,Standard Diagnosis,"""sprinter diagnostics local""",Phrase
Search | Diagnostics & VOR | Kent + SE London,Standard Diagnosis,"""sprinter diagnostics near me""",Phrase
Search | Diagnostics & VOR | Kent + SE London,AdBlue / DPF / NOx,"""sprinter diagnostics nox""",Phrase
Search | Diagnostics & VOR | Kent + SE London,AdBlue / DPF / NOx,"""sprinter diagnostics nox kent""",Phrase
Search | Diagnostics & VOR | Kent + SE London,AdBlue / DPF / NOx,"""sprinter diagnostics nox local""",Phrase
Search | Diagnostics & VOR | Kent + SE London,AdBlue / DPF / NOx,"""sprinter diagnostics nox near me""",Phrase
Search | Diagnostics & VOR | Kent + SE London,Limp Mode / Derate,"""sprinter diagnostics reduced power""",Phrase
Search | Diagnostics & VOR | Kent + SE London,Limp Mode / Derate,"""sprinter diagnostics reduced power kent""",Phrase
Search | Diagnostics & VOR | Kent + SE London,Limp Mode / Derate,"""sprinter diagnostics reduced power local""",Phrase
Search | Diagnostics & VOR | Kent + SE London,Limp Mode / Derate,"""sprinter diagnostics reduced power near me""",Phrase
Search | Diagnostics & VOR | Kent + SE London,VOR / Urgent Van Diagnostics,"""sprinter diagnostics wont start""",Phrase
Search | Diagnostics & VOR | Kent + SE London,VOR / Urgent Van Diagnostics,"""sprinter diagnostics wont start kent""",Phrase
Search | Diagnostics & VOR | Kent + SE London,VOR / Urgent Van Diagnostics,"""sprinter diagnostics wont start local""",Phrase
Search | Diagnostics & VOR | Kent + SE London,VOR / Urgent Van Diagnostics,"""sprinter diagnostics wont start near me""",Phrase
Search | Diagnostics & VOR | Kent + SE London,AdBlue / DPF / NOx,"""sprinter fault finding adblue near me""",Phrase
Search | Diagnostics & VOR | Kent + SE London,AdBlue / DPF / NOx,"""sprinter fault finding dpf near me""",Phrase
Search | Diagnostics & VOR | Kent + SE London,Limp Mode / Derate,"""sprinter fault finding limp mode near me""",Phrase
Search | Diagnostics & VOR | Kent + SE London,Standard Diagnosis,"""sprinter fault finding near me""",Phrase
Search | Diagnostics & VOR | Kent + SE London,AdBlue / DPF / NOx,"""sprinter fault finding nox near me""",Phrase
Search | Diagnostics & VOR | Kent + SE London,Limp Mode / Derate,"""sprinter fault finding reduced power near me""",Phrase
Search | Diagnostics & VOR | Kent + SE London,VOR / Urgent Van Diagnostics,"""sprinter fault finding wont start near me""",Phrase
Search | Diagnostics & VOR | Kent + SE London,Standard Diagnosis,"""van diagnostic""",Phrase
Search | Diagnostics & VOR | Kent + SE London,AdBlue / DPF / NOx,"""van diagnostic adblue""",Phrase
Search | Diagnostics & VOR | Kent + SE London,AdBlue / DPF / NOx,"""van diagnostic adblue kent""",Phrase
Search | Diagnostics & VOR | Kent + SE London,AdBlue / DPF / NOx,"""van diagnostic adblue local""",Phrase
Search | Diagnostics & VOR | Kent + SE London,AdBlue / DPF / NOx,"""van diagnostic adblue near me""",Phrase
Search | Diagnostics & VOR | Kent + SE London,AdBlue / DPF / NOx,"""van diagnostic dpf""",Phrase
Search | Diagnostics & VOR | Kent + SE London,AdBlue / DPF / NOx,"""van diagnostic dpf kent""",Phrase
Search | Diagnostics & VOR | Kent + SE London,AdBlue / DPF / NOx,"""van diagnostic dpf local""",Phrase
Search | Diagnostics & VOR | Kent + SE London,AdBlue / DPF / NOx,"""van diagnostic dpf near me""",Phrase
Search | Diagnostics & VOR | Kent + SE London,Standard Diagnosis,"""van diagnostic kent""",Phrase
Search | Diagnostics & VOR | Kent + SE London,Limp Mode / Derate,"""van diagnostic limp mode""",Phrase
Search | Diagnostics & VOR | Kent + SE London,Limp Mode / Derate,"""van diagnostic limp mode kent""",Phrase
Search | Diagnostics & VOR | Kent + SE London,Limp Mode / Derate,"""van diagnostic limp mode local""",Phrase
Search | Diagnostics & VOR | Kent + SE London,Limp Mode / Derate,"""van diagnostic limp mode near me""",Phrase
Search | Diagnostics & VOR | Kent + SE London,Standard Diagnosis,"""van diagnostic local""",Phrase
Search | Diagnostics & VOR | Kent + SE London,Standard Diagnosis,"""van diagnostic near me""",Phrase
Search | Diagnostics & VOR | Kent + SE London,AdBlue / DPF / NOx,"""van diagnostic nox""",Phrase
Search | Diagnostics & VOR | Kent + SE London,AdBlue / DPF / NOx,"""van diagnostic nox kent""",Phrase
Search | Diagnostics & VOR | Kent + SE London,AdBlue / DPF / NOx,"""van diagnostic nox local""",Phrase
Search | Diagnostics & VOR | Kent + SE London,AdBlue / DPF / NOx,"""van diagnostic nox near me""",Phrase
Search | Diagnostics & VOR | Kent + SE London,Limp Mode / Derate,"""van diagnostic reduced power""",Phrase
Search | Diagnostics & VOR | Kent + SE London,Limp Mode / Derate,"""van diagnostic reduced power kent""",Phrase
Search | Diagnostics & VOR | Kent + SE London,Limp Mode / Derate,"""van diagnostic reduced power local""",Phrase
Search | Diagnostics & VOR | Kent + SE London,Limp Mode / Derate,"""van diagnostic reduced power near me""",Phrase
Search | Diagnostics & VOR | Kent + SE London,VOR / Urgent Van Diagnostics,"""van diagnostic wont start""",Phrase
Search | Diagnostics & VOR | Kent + SE London,VOR / Urgent Van Diagnostics,"""van diagnostic wont start kent""",Phrase
Search | Diagnostics & VOR | Kent + SE London,VOR / Urgent Van Diagnostics,"""van diagnostic wont start local""",Phrase
Search | Diagnostics & VOR | Kent + SE London,VOR / Urgent Van Diagnostics,"""van diagnostic wont start near me""",Phrase
Search | Diagnostics & VOR | Kent + SE London,Standard Diagnosis,"""van diagnostics""",Phrase
Search | Diagnostics & VOR | Kent + SE London,AdBlue / DPF / NOx,"""van diagnostics adblue""",Phrase
Search | Diagnostics & VOR | Kent + SE London,AdBlue / DPF / NOx,"""van diagnostics adblue kent""",Phrase
Search | Diagnostics & VOR | Kent + SE London,AdBlue / DPF / NOx,"""van diagnostics adblue local""",Phrase
Search | Diagnostics & VOR | Kent + SE London,AdBlue / DPF / NOx,"""van diagnostics adblue near me""",Phrase
Search | Diagnostics & VOR | Kent + SE London,AdBlue / DPF / NOx,"""van diagnostics dpf""",Phrase
Search | Diagnostics & VOR | Kent + SE London,AdBlue / DPF / NOx,"""van diagnostics dpf kent""",Phrase
Search | Diagnostics & VOR | Kent + SE London,AdBlue / DPF / NOx,"""van diagnostics dpf local""",Phrase
Search | Diagnostics & VOR | Kent + SE London,AdBlue / DPF / NOx,"""van diagnostics dpf near me""",Phrase
Search | Diagnostics & VOR | Kent + SE London,Standard Diagnosis,"""Van Diagnostics in London | Pace Van Hire""",Phrase
Search | Diagnostics & VOR | Kent + SE London,Standard Diagnosis,"""van diagnostics kent""",Phrase
Search | Diagnostics & VOR | Kent + SE London,Limp Mode / Derate,"""van diagnostics limp mode""",Phrase
Search | Diagnostics & VOR | Kent + SE London,Limp Mode / Derate,"""van diagnostics limp mode kent""",Phrase
Search | Diagnostics & VOR | Kent + SE London,Limp Mode / Derate,"""van diagnostics limp mode local""",Phrase
Search | Diagnostics & VOR | Kent + SE London,Limp Mode / Derate,"""van diagnostics limp mode near me""",Phrase
Search | Diagnostics & VOR | Kent + SE London,Standard Diagnosis,"""van diagnostics local""",Phrase
Search | Diagnostics & VOR | Kent + SE London,Standard Diagnosis,"""van diagnostics near kent""",Phrase
Search | Diagnostics & VOR | Kent + SE London,Standard Diagnosis,"""van diagnostics near maidstone""",Phrase
Search | Diagnostics & VOR | Kent + SE London,Standard Diagnosis,"""van diagnostics near me""",Phrase
Search | Diagnostics & VOR | Kent + SE London,AdBlue / DPF / NOx,"""van diagnostics nox""",Phrase
Search | Diagnostics & VOR | Kent + SE London,AdBlue / DPF / NOx,"""van diagnostics nox kent""",Phrase
Search | Diagnostics & VOR | Kent + SE London,AdBlue / DPF / NOx,"""van diagnostics nox local""",Phrase
Search | Diagnostics & VOR | Kent + SE London,AdBlue / DPF / NOx,"""van diagnostics nox near me""",Phrase
Search | Diagnostics & VOR | Kent + SE London,Limp Mode / Derate,"""van diagnostics reduced power""",Phrase
Search | Diagnostics & VOR | Kent + SE London,Limp Mode / Derate,"""van diagnostics reduced power kent""",Phrase
Search | Diagnostics & VOR | Kent + SE London,Limp Mode / Derate,"""van diagnostics reduced power local""",Phrase
Search | Diagnostics & VOR | Kent + SE London,Limp Mode / Derate,"""van diagnostics reduced power near me""",Phrase
Search | Diagnostics & VOR | Kent + SE London,VOR / Urgent Van Diagnostics,"""van diagnostics wont start""",Phrase
Search | Diagnostics & VOR | Kent + SE London,VOR / Urgent Van Diagnostics,"""van diagnostics wont start kent""",Phrase
Search | Diagnostics & VOR | Kent + SE London,VOR / Urgent Van Diagnostics,"""van diagnostics wont start local""",Phrase
Search | Diagnostics & VOR | Kent + SE London,VOR / Urgent Van Diagnostics,"""van diagnostics wont start near me""",Phrase
Search | Diagnostics & VOR | Kent + SE London,Standard Diagnosis,"""van engine check""",Phrase
Search | Diagnostics & VOR | Kent + SE London,AdBlue / DPF / NOx,"""van engine check adblue""",Phrase
Search | Diagnostics & VOR | Kent + SE London,AdBlue / DPF / NOx,"""van engine check adblue kent""",Phrase
Search | Diagnostics & VOR | Kent + SE London,AdBlue / DPF / NOx,"""van engine check adblue local""",Phrase
Search | Diagnostics & VOR | Kent + SE London,AdBlue / DPF / NOx,"""van engine check adblue near me""",Phrase
Search | Diagnostics & VOR | Kent + SE London,AdBlue / DPF / NOx,"""van engine check dpf""",Phrase
Search | Diagnostics & VOR | Kent + SE London,AdBlue / DPF / NOx,"""van engine check dpf kent""",Phrase
Search | Diagnostics & VOR | Kent + SE London,AdBlue / DPF / NOx,"""van engine check dpf local""",Phrase
Search | Diagnostics & VOR | Kent + SE London,AdBlue / DPF / NOx,"""van engine check dpf near me""",Phrase
Search | Diagnostics & VOR | Kent + SE London,Standard Diagnosis,"""van engine check kent""",Phrase
Search | Diagnostics & VOR | Kent + SE London,Limp Mode / Derate,"""van engine check limp mode""",Phrase
Search | Diagnostics & VOR | Kent + SE London,Limp Mode / Derate,"""van engine check limp mode kent""",Phrase
Search | Diagnostics & VOR | Kent + SE London,Limp Mode / Derate,"""van engine check limp mode local""",Phrase
Search | Diagnostics & VOR | Kent + SE London,Limp Mode / Derate,"""van engine check limp mode near me""",Phrase
Search | Diagnostics & VOR | Kent + SE London,Standard Diagnosis,"""van engine check local""",Phrase
Search | Diagnostics & VOR | Kent + SE London,Standard Diagnosis,"""van engine check near me""",Phrase
Search | Diagnostics & VOR | Kent + SE London,AdBlue / DPF / NOx,"""van engine check nox""",Phrase
Search | Diagnostics & VOR | Kent + SE London,AdBlue / DPF / NOx,"""van engine check nox kent""",Phrase
Search | Diagnostics & VOR | Kent + SE London,AdBlue / DPF / NOx,"""van engine check nox local""",Phrase
Search | Diagnostics & VOR | Kent + SE London,AdBlue / DPF / NOx,"""van engine check nox near me""",Phrase
Search | Diagnostics & VOR | Kent + SE London,Limp Mode / Derate,"""van engine check reduced power""",Phrase
Search | Diagnostics & VOR | Kent + SE London,Limp Mode / Derate,"""van engine check reduced power kent""",Phrase
Search | Diagnostics & VOR | Kent + SE London,Limp Mode / Derate,"""van engine check reduced power local""",Phrase
Search | Diagnostics & VOR | Kent + SE London,Limp Mode / Derate,"""van engine check reduced power near me""",Phrase
Search | Diagnostics & VOR | Kent + SE London,VOR / Urgent Van Diagnostics,"""van engine check wont start""",Phrase
Search | Diagnostics & VOR | Kent + SE London,VOR / Urgent Van Diagnostics,"""van engine check wont start kent""",Phrase
Search | Diagnostics & VOR | Kent + SE London,VOR / Urgent Van Diagnostics,"""van engine check wont start local""",Phrase
Search | Diagnostics & VOR | Kent + SE London,VOR / Urgent Van Diagnostics,"""van engine check wont start near me""",Phrase
Search | Diagnostics & VOR | Kent + SE London,AdBlue / DPF / NOx,"""van fault finding adblue near me""",Phrase
Search | Diagnostics & VOR | Kent + SE London,AdBlue / DPF / NOx,"""van fault finding dpf near me""",Phrase
Search | Diagnostics & VOR | Kent + SE London,Limp Mode / Derate,"""van fault finding limp mode near me""",Phrase
Search | Diagnostics & VOR | Kent + SE London,Standard Diagnosis,"""van fault finding near me""",Phrase
Search | Diagnostics & VOR | Kent + SE London,AdBlue / DPF / NOx,"""van fault finding nox near me""",Phrase
Search | Diagnostics & VOR | Kent + SE London,Limp Mode / Derate,"""van fault finding reduced power near me""",Phrase
Search | Diagnostics & VOR | Kent + SE London,VOR / Urgent Van Diagnostics,"""van fault finding wont start near me""",Phrase
Search | Diagnostics & VOR | Kent + SE London,Standard Diagnosis,"""van warning light check""",Phrase
Search | Diagnostics & VOR | Kent + SE London,AdBlue / DPF / NOx,"""van warning light check adblue""",Phrase
Search | Diagnostics & VOR | Kent + SE London,AdBlue / DPF / NOx,"""van warning light check adblue kent""",Phrase
Search | Diagnostics & VOR | Kent + SE London,AdBlue / DPF / NOx,"""van warning light check adblue local""",Phrase
Search | Diagnostics & VOR | Kent + SE London,AdBlue / DPF / NOx,"""van warning light check adblue near me""",Phrase
Search | Diagnostics & VOR | Kent + SE London,AdBlue / DPF / NOx,"""van warning light check dpf""",Phrase
Search | Diagnostics & VOR | Kent + SE London,AdBlue / DPF / NOx,"""van warning light check dpf kent""",Phrase
Search | Diagnostics & VOR | Kent + SE London,AdBlue / DPF / NOx,"""van warning light check dpf local""",Phrase
Search | Diagnostics & VOR | Kent + SE London,AdBlue / DPF / NOx,"""van warning light check dpf near me""",Phrase
Search | Diagnostics & VOR | Kent + SE London,Standard Diagnosis,"""van warning light check kent""",Phrase
Search | Diagnostics & VOR | Kent + SE London,Limp Mode / Derate,"""van warning light check limp mode""",Phrase
Search | Diagnostics & VOR | Kent + SE London,Limp Mode / Derate,"""van warning light check limp mode kent""",Phrase
Search | Diagnostics & VOR | Kent + SE London,Limp Mode / Derate,"""van warning light check limp mode local""",Phrase
Search | Diagnostics & VOR | Kent + SE London,Limp Mode / Derate,"""van warning light check limp mode near me""",Phrase
Search | Diagnostics & VOR | Kent + SE London,Standard Diagnosis,"""van warning light check local""",Phrase
Search | Diagnostics & VOR | Kent + SE London,Standard Diagnosis,"""van warning light check near me""",Phrase
Search | Diagnostics & VOR | Kent + SE London,AdBlue / DPF / NOx,"""van warning light check nox""",Phrase
Search | Diagnostics & VOR | Kent + SE London,AdBlue / DPF / NOx,"""van warning light check nox kent""",Phrase
Search | Diagnostics & VOR | Kent + SE London,AdBlue / DPF / NOx,"""van warning light check nox local""",Phrase
Search | Diagnostics & VOR | Kent + SE London,AdBlue / DPF / NOx,"""van warning light check nox near me""",Phrase
Search | Diagnostics & VOR | Kent + SE London,Limp Mode / Derate,"""van warning light check reduced power""",Phrase
Search | Diagnostics & VOR | Kent + SE London,Limp Mode / Derate,"""van warning light check reduced power kent""",Phrase
Search | Diagnostics & VOR | Kent + SE London,Limp Mode / Derate,"""van warning light check reduced power local""",Phrase
Search | Diagnostics & VOR | Kent + SE London,Limp Mode / Derate,"""van warning light check reduced power near me""",Phrase
Search | Diagnostics & VOR | Kent + SE London,VOR / Urgent Van Diagnostics,"""van warning light check wont start""",Phrase
Search | Diagnostics & VOR | Kent + SE London,VOR / Urgent Van Diagnostics,"""van warning light check wont start kent""",Phrase
Search | Diagnostics & VOR | Kent + SE London,VOR / Urgent Van Diagnostics,"""van warning light check wont start local""",Phrase
Search | Diagnostics & VOR | Kent + SE London,VOR / Urgent Van Diagnostics,"""van warning light check wont start near me""",Phrase
Search | Diagnostics & VOR | Kent + SE London,Standard Diagnosis,"""vehicle diagnostics near me""",Phrase
Search | Diagnostics & VOR | Kent + SE London,Standard Diagnosis,"""vehicle diagnostics near me within 5 mi""",Phrase
Search | Diagnostics & VOR | Kent + SE London,Standard Diagnosis,"""vehicle electrical diagnostics near me""",Phrase
Search | Servicing & Brakes | Kent + SE London,Sprinter Servicing,"""24 hour mobile sprinter service""",Phrase
Search | Servicing & Brakes | Kent + SE London,Sprinter Servicing,"""Kwik Fit boosts mobile service with 100+ Sprinter vans""",Phrase
Search | Servicing & Brakes | Kent + SE London,Mercedes Van Servicing,"""London Mobile Van Mechanic for Mercedes Sprinter""",Phrase
Search | Servicing & Brakes | Kent + SE London,Mercedes Van Servicing,"""Mercedes approved service near me""",Phrase
Search | Servicing & Brakes | Kent + SE London,Mercedes Van Servicing,"""Mercedes benz Service Maidstone""",Phrase
Search | Servicing & Brakes | Kent + SE London,Sprinter Servicing,"""Mercedes Benz Sprinter Service""",Phrase
Search | Servicing & Brakes | Kent + SE London,Mercedes Van Servicing,"""mercedes brake""",Phrase
Search | Servicing & Brakes | Kent + SE London,Mercedes Van Servicing,"""mercedes brake local""",Phrase
Search | Servicing & Brakes | Kent + SE London,Mercedes Van Servicing,"""mercedes brake major""",Phrase
Search | Servicing & Brakes | Kent + SE London,Mercedes Van Servicing,"""mercedes brake major local""",Phrase
Search | Servicing & Brakes | Kent + SE London,Mercedes Van Servicing,"""mercedes brake major mobile""",Phrase
Search | Servicing & Brakes | Kent + SE London,Mercedes Van Servicing,"""mercedes brake major near me""",Phrase
Search | Servicing & Brakes | Kent + SE London,Mercedes Van Servicing,"""mercedes brake minor""",Phrase
Search | Servicing & Brakes | Kent + SE London,Mercedes Van Servicing,"""mercedes brake minor local""",Phrase
Search | Servicing & Brakes | Kent + SE London,Mercedes Van Servicing,"""mercedes brake minor mobile""",Phrase
Search | Servicing & Brakes | Kent + SE London,Mercedes Van Servicing,"""mercedes brake minor near me""",Phrase
Search | Servicing & Brakes | Kent + SE London,Mercedes Van Servicing,"""mercedes brake mobile""",Phrase
Search | Servicing & Brakes | Kent + SE London,Mercedes Van Servicing,"""mercedes brake near me""",Phrase
Search | Servicing & Brakes | Kent + SE London,Mercedes Van Servicing,"""mercedes brake pads""",Phrase
Search | Servicing & Brakes | Kent + SE London,Mercedes Van Servicing,"""mercedes brake pads local""",Phrase
Search | Servicing & Brakes | Kent + SE London,Mercedes Van Servicing,"""mercedes brake pads major""",Phrase
Search | Servicing & Brakes | Kent + SE London,Mercedes Van Servicing,"""mercedes brake pads major local""",Phrase
Search | Servicing & Brakes | Kent + SE London,Mercedes Van Servicing,"""mercedes brake pads major mobile""",Phrase
Search | Servicing & Brakes | Kent + SE London,Mercedes Van Servicing,"""mercedes brake pads major near me""",Phrase
Search | Servicing & Brakes | Kent + SE London,Mercedes Van Servicing,"""mercedes brake pads minor""",Phrase
Search | Servicing & Brakes | Kent + SE London,Mercedes Van Servicing,"""mercedes brake pads minor local""",Phrase
Search | Servicing & Brakes | Kent + SE London,Mercedes Van Servicing,"""mercedes brake pads minor mobile""",Phrase
Search | Servicing & Brakes | Kent + SE London,Mercedes Van Servicing,"""mercedes brake pads minor near me""",Phrase
Search | Servicing & Brakes | Kent + SE London,Mercedes Van Servicing,"""mercedes brake pads mobile""",Phrase
Search | Servicing & Brakes | Kent + SE London,Mercedes Van Servicing,"""mercedes brake pads near me""",Phrase
Search | Servicing & Brakes | Kent + SE London,Mercedes Van Servicing,"""mercedes brake pads specialist""",Phrase
Search | Servicing & Brakes | Kent + SE London,Mercedes Van Servicing,"""mercedes brake pads specialist local""",Phrase
Search | Servicing & Brakes | Kent + SE London,Mercedes Van Servicing,"""mercedes brake pads specialist mobile""",Phrase
Search | Servicing & Brakes | Kent + SE London,Mercedes Van Servicing,"""mercedes brake pads specialist near me""",Phrase
Search | Servicing & Brakes | Kent + SE London,Mercedes Van Servicing,"""mercedes brake specialist""",Phrase
Search | Servicing & Brakes | Kent + SE London,Mercedes Van Servicing,"""mercedes brake specialist local""",Phrase
Search | Servicing & Brakes | Kent + SE London,Mercedes Van Servicing,"""mercedes brake specialist mobile""",Phrase
Search | Servicing & Brakes | Kent + SE London,Mercedes Van Servicing,"""mercedes brake specialist near me""",Phrase
Search | Servicing & Brakes | Kent + SE London,Mercedes Van Servicing,"""mercedes brakes""",Phrase
Search | Servicing & Brakes | Kent + SE London,Mercedes Van Servicing,"""mercedes brakes local""",Phrase
Search | Servicing & Brakes | Kent + SE London,Mercedes Van Servicing,"""mercedes brakes major""",Phrase
Search | Servicing & Brakes | Kent + SE London,Mercedes Van Servicing,"""mercedes brakes major local""",Phrase
Search | Servicing & Brakes | Kent + SE London,Mercedes Van Servicing,"""mercedes brakes major mobile""",Phrase
Search | Servicing & Brakes | Kent + SE London,Mercedes Van Servicing,"""mercedes brakes major near me""",Phrase
Search | Servicing & Brakes | Kent + SE London,Mercedes Van Servicing,"""mercedes brakes minor""",Phrase
Search | Servicing & Brakes | Kent + SE London,Mercedes Van Servicing,"""mercedes brakes minor local""",Phrase
Search | Servicing & Brakes | Kent + SE London,Mercedes Van Servicing,"""mercedes brakes minor mobile""",Phrase
Search | Servicing & Brakes | Kent + SE London,Mercedes Van Servicing,"""mercedes brakes minor near me""",Phrase
Search | Servicing & Brakes | Kent + SE London,Mercedes Van Servicing,"""mercedes brakes mobile""",Phrase
Search | Servicing & Brakes | Kent + SE London,Mercedes Van Servicing,"""mercedes brakes near me""",Phrase
Search | Servicing & Brakes | Kent + SE London,Mercedes Van Servicing,"""mercedes brakes specialist""",Phrase
Search | Servicing & Brakes | Kent + SE London,Mercedes Van Servicing,"""mercedes brakes specialist local""",Phrase
Search | Servicing & Brakes | Kent + SE London,Mercedes Van Servicing,[mercedes brakes specialist mobile],Exact
Search | Servicing & Brakes | Kent + SE London,Mercedes Van Servicing,[mercedes brakes specialist near me],Exact
Search | Servicing & Brakes | Kent + SE London,Mercedes Van Servicing,"""Mercedes garage near me""",Phrase
Search | Servicing & Brakes | Kent + SE London,Mercedes Van Servicing,"""mercedes service""",Phrase
Search | Servicing & Brakes | Kent + SE London,Mercedes Van Servicing,"""mercedes service local""",Phrase
Search | Servicing & Brakes | Kent + SE London,Mercedes Van Servicing,"""mercedes service major""",Phrase
Search | Servicing & Brakes | Kent + SE London,Mercedes Van Servicing,"""mercedes service major local""",Phrase
Search | Servicing & Brakes | Kent + SE London,Mercedes Van Servicing,"""mercedes service major mobile""",Phrase
Search | Servicing & Brakes | Kent + SE London,Mercedes Van Servicing,"""mercedes service major near me""",Phrase
Search | Servicing & Brakes | Kent + SE London,Mercedes Van Servicing,"""mercedes service minor""",Phrase
Search | Servicing & Brakes | Kent + SE London,Mercedes Van Servicing,"""mercedes service minor local""",Phrase
Search | Servicing & Brakes | Kent + SE London,Mercedes Van Servicing,"""mercedes service minor mobile""",Phrase
Search | Servicing & Brakes | Kent + SE London,Mercedes Van Servicing,"""mercedes service minor near me""",Phrase
Search | Servicing & Brakes | Kent + SE London,Mercedes Van Servicing,"""mercedes service mobile""",Phrase
Search | Servicing & Brakes | Kent + SE London,Mercedes Van Servicing,"""mercedes service near me""",Phrase
Search | Servicing & Brakes | Kent + SE London,Mercedes Van Servicing,"""mercedes service specialist""",Phrase
Search | Servicing & Brakes | Kent + SE London,Mercedes Van Servicing,"""mercedes service specialist local""",Phrase
Search | Servicing & Brakes | Kent + SE London,Mercedes Van Servicing,"""mercedes service specialist mobile""",Phrase
Search | Servicing & Brakes | Kent + SE London,Mercedes Van Servicing,"""mercedes service specialist near me""",Phrase
Search | Servicing & Brakes | Kent + SE London,Mercedes Van Servicing,"""mercedes servicing""",Phrase
Search | Servicing & Brakes | Kent + SE London,Mercedes Van Servicing,"""mercedes servicing local""",Phrase
Search | Servicing & Brakes | Kent + SE London,Mercedes Van Servicing,"""mercedes servicing major""",Phrase
Search | Servicing & Brakes | Kent + SE London,Mercedes Van Servicing,"""mercedes servicing major local""",Phrase
Search | Servicing & Brakes | Kent + SE London,Mercedes Van Servicing,"""mercedes servicing major mobile""",Phrase
Search | Servicing & Brakes | Kent + SE London,Mercedes Van Servicing,"""mercedes servicing major near me""",Phrase
Search | Servicing & Brakes | Kent + SE London,Mercedes Van Servicing,"""mercedes servicing minor""",Phrase
Search | Servicing & Brakes | Kent + SE London,Mercedes Van Servicing,"""mercedes servicing minor local""",Phrase
Search | Servicing & Brakes | Kent + SE London,Mercedes Van Servicing,"""mercedes servicing minor mobile""",Phrase
Search | Servicing & Brakes | Kent + SE London,Mercedes Van Servicing,"""mercedes servicing minor near me""",Phrase
Search | Servicing & Brakes | Kent + SE London,Mercedes Van Servicing,"""mercedes servicing mobile""",Phrase
Search | Servicing & Brakes | Kent + SE London,Mercedes Van Servicing,"""mercedes servicing near me""",Phrase
Search | Servicing & Brakes | Kent + SE London,Mercedes Van Servicing,"""mercedes servicing specialist""",Phrase
Search | Servicing & Brakes | Kent + SE London,Mercedes Van Servicing,"""mercedes servicing specialist local""",Phrase
Search | Servicing & Brakes | Kent + SE London,Mercedes Van Servicing,"""mercedes servicing specialist mobile""",Phrase
Search | Servicing & Brakes | Kent + SE London,Mercedes Van Servicing,"""mercedes servicing specialist near me""",Phrase
Search | Servicing & Brakes | Kent + SE London,Sprinter Servicing,"""mercedes sprinter mobile service""",Phrase
Search | Servicing & Brakes | Kent + SE London,Mercedes Van Servicing,"""Mercedes Sprinter repairs""",Phrase
Search | Servicing & Brakes | Kent + SE London,Sprinter Servicing,"""mercedes sprinter service""",Phrase
Search | Servicing & Brakes | Kent + SE London,Sprinter Servicing,"""mercedes sprinter service a""",Phrase
Search | Servicing & Brakes | Kent + SE London,Sprinter Servicing,"""Mercedes sprinter service a reset""",Phrase
Search | Servicing & Brakes | Kent + SE London,Sprinter Servicing,"""mercedes sprinter service b""",Phrase
Search | Servicing & Brakes | Kent + SE London,Sprinter Servicing,"""mercedes sprinter service b reset""",Phrase
Search | Servicing & Brakes | Kent + SE London,Sprinter Servicing,"""mercedes sprinter service near me""",Phrase
Search | Servicing & Brakes | Kent + SE London,Mercedes Van Servicing,"""Mercedes Sprinter specialist near me""",Phrase
Search | Servicing & Brakes | Kent + SE London,Mercedes Van Servicing,"""Mercedes Sprinter Van | Schedule & Booking Online""",Phrase
Search | Servicing & Brakes | Kent + SE London,Sprinter Servicing,"""Mercedes-Benz Sprinter service""",Phrase
Search | Servicing & Brakes | Kent + SE London,Mercedes Van Servicing,"""mobile diesel service near me""",Phrase
Search | Servicing & Brakes | Kent + SE London,Mercedes Van Servicing,"""mobile service ideas""",Phrase
Search | Servicing & Brakes | Kent + SE London,Mercedes Van Servicing,"""mobile sprinter repair""",Phrase
Search | Servicing & Brakes | Kent + SE London,Sprinter Servicing,"""mobile sprinter service""",Phrase
Search | Servicing & Brakes | Kent + SE London,Sprinter Servicing,"""Mobile sprinter service near me""",Phrase
Search | Servicing & Brakes | Kent + SE London,Mercedes Van Servicing,"""Mobile Van Service | Mobile Workshop""",Phrase
Search | Servicing & Brakes | Kent + SE London,Sprinter Brakes,"""sprinter brake""",Phrase
Search | Servicing & Brakes | Kent + SE London,Sprinter Brakes,"""sprinter brake local""",Phrase
Search | Servicing & Brakes | Kent + SE London,Sprinter Brakes,"""sprinter brake major""",Phrase
Search | Servicing & Brakes | Kent + SE London,Sprinter Brakes,"""sprinter brake major local""",Phrase
Search | Servicing & Brakes | Kent + SE London,Sprinter Brakes,"""sprinter brake major mobile""",Phrase
Search | Servicing & Brakes | Kent + SE London,Sprinter Brakes,"""sprinter brake major near me""",Phrase
Search | Servicing & Brakes | Kent + SE London,Sprinter Brakes,"""sprinter brake minor""",Phrase
Search | Servicing & Brakes | Kent + SE London,Sprinter Brakes,"""sprinter brake minor local""",Phrase
Search | Servicing & Brakes | Kent + SE London,Sprinter Brakes,"""sprinter brake minor mobile""",Phrase
Search | Servicing & Brakes | Kent + SE London,Sprinter Brakes,"""sprinter brake minor near me""",Phrase
Search | Servicing & Brakes | Kent + SE London,Sprinter Brakes,"""sprinter brake mobile""",Phrase
Search | Servicing & Brakes | Kent + SE London,Sprinter Brakes,"""sprinter brake near me""",Phrase
Search | Servicing & Brakes | Kent + SE London,Sprinter Brakes,"""sprinter brake pads""",Phrase
Search | Servicing & Brakes | Kent + SE London,Sprinter Brakes,"""sprinter brake pads local""",Phrase
Search | Servicing & Brakes | Kent + SE London,Sprinter Brakes,"""sprinter brake pads major""",Phrase
Search | Servicing & Brakes | Kent + SE London,Sprinter Brakes,"""sprinter brake pads major local""",Phrase
Search | Servicing & Brakes | Kent + SE London,Sprinter Brakes,"""sprinter brake pads major mobile""",Phrase
Search | Servicing & Brakes | Kent + SE London,Sprinter Brakes,"""sprinter brake pads major near me""",Phrase
Search | Servicing & Brakes | Kent + SE London,Sprinter Brakes,"""sprinter brake pads minor""",Phrase
Search | Servicing & Brakes | Kent + SE London,Sprinter Brakes,"""sprinter brake pads minor local""",Phrase
Search | Servicing & Brakes | Kent + SE London,Sprinter Brakes,"""sprinter brake pads minor mobile""",Phrase
Search | Servicing & Brakes | Kent + SE London,Sprinter Brakes,"""sprinter brake pads minor near me""",Phrase
Search | Servicing & Brakes | Kent + SE London,Sprinter Brakes,"""sprinter brake pads mobile""",Phrase
Search | Servicing & Brakes | Kent + SE London,Sprinter Brakes,"""sprinter brake pads near me""",Phrase
Search | Servicing & Brakes | Kent + SE London,Sprinter Brakes,"""sprinter brake pads specialist""",Phrase
Search | Servicing & Brakes | Kent + SE London,Sprinter Brakes,"""sprinter brake pads specialist local""",Phrase
Search | Servicing & Brakes | Kent + SE London,Sprinter Brakes,"""sprinter brake pads specialist mobile""",Phrase
Search | Servicing & Brakes | Kent + SE London,Sprinter Brakes,"""sprinter brake pads specialist near me""",Phrase
Search | Servicing & Brakes | Kent + SE London,Sprinter Brakes,"""sprinter brake specialist""",Phrase
Search | Servicing & Brakes | Kent + SE London,Sprinter Brakes,"""sprinter brake specialist local""",Phrase
Search | Servicing & Brakes | Kent + SE London,Sprinter Brakes,"""sprinter brake specialist mobile""",Phrase
Search | Servicing & Brakes | Kent + SE London,Sprinter Brakes,"""sprinter brake specialist near me""",Phrase
Search | Servicing & Brakes | Kent + SE London,Sprinter Brakes,"""sprinter brakes""",Phrase
Search | Servicing & Brakes | Kent + SE London,Sprinter Brakes,"""sprinter brakes local""",Phrase
Search | Servicing & Brakes | Kent + SE London,Sprinter Brakes,"""sprinter brakes major""",Phrase
Search | Servicing & Brakes | Kent + SE London,Sprinter Brakes,"""sprinter brakes major local""",Phrase
Search | Servicing & Brakes | Kent + SE London,Sprinter Brakes,"""sprinter brakes major mobile""",Phrase
Search | Servicing & Brakes | Kent + SE London,Sprinter Brakes,"""sprinter brakes major near me""",Phrase
Search | Servicing & Brakes | Kent + SE London,Sprinter Brakes,"""sprinter brakes minor""",Phrase
Search | Servicing & Brakes | Kent + SE London,Sprinter Brakes,"""sprinter brakes minor local""",Phrase
Search | Servicing & Brakes | Kent + SE London,Sprinter Brakes,"""sprinter brakes minor mobile""",Phrase
Search | Servicing & Brakes | Kent + SE London,Sprinter Brakes,"""sprinter brakes minor near me""",Phrase
Search | Servicing & Brakes | Kent + SE London,Sprinter Brakes,"""sprinter brakes mobile""",Phrase
Search | Servicing & Brakes | Kent + SE London,Sprinter Brakes,"""sprinter brakes near me""",Phrase
Search | Servicing & Brakes | Kent + SE London,Sprinter Brakes,"""sprinter brakes specialist""",Phrase
Search | Servicing & Brakes | Kent + SE London,Sprinter Brakes,"""sprinter brakes specialist local""",Phrase
Search | Servicing & Brakes | Kent + SE London,Sprinter Brakes,[sprinter brakes specialist mobile],Exact
Search | Servicing & Brakes | Kent + SE London,Sprinter Brakes,[sprinter brakes specialist near me],Exact
Search | Servicing & Brakes | Kent + SE London,Sprinter Servicing,"""sprinter car service near me""",Phrase
Search | Servicing & Brakes | Kent + SE London,Mercedes Van Servicing,"""sprinter maintenance near me""",Phrase
Search | Servicing & Brakes | Kent + SE London,Mercedes Van Servicing,"""sprinter mechanic near me""",Phrase
Search | Servicing & Brakes | Kent + SE London,Mercedes Van Servicing,"""sprinter mobile care""",Phrase
Search | Servicing & Brakes | Kent + SE London,Sprinter Servicing,"""sprinter phone service""",Phrase
Search | Servicing & Brakes | Kent + SE London,Mercedes Van Servicing,"""sprinter repair near me""",Phrase
Search | Servicing & Brakes | Kent + SE London,Sprinter Servicing,"""sprinter service""",Phrase
Search | Servicing & Brakes | Kent + SE London,Sprinter Servicing,"""sprinter service local""",Phrase
Search | Servicing & Brakes | Kent + SE London,Sprinter Servicing,"""sprinter service major""",Phrase
Search | Servicing & Brakes | Kent + SE London,Sprinter Servicing,"""sprinter service major local""",Phrase
Search | Servicing & Brakes | Kent + SE London,Sprinter Servicing,"""sprinter service major mobile""",Phrase
Search | Servicing & Brakes | Kent + SE London,Sprinter Servicing,"""sprinter service major near me""",Phrase
Search | Servicing & Brakes | Kent + SE London,Sprinter Servicing,"""sprinter service minor""",Phrase
Search | Servicing & Brakes | Kent + SE London,Sprinter Servicing,"""sprinter service minor local""",Phrase
Search | Servicing & Brakes | Kent + SE London,Sprinter Servicing,"""sprinter service minor mobile""",Phrase
Search | Servicing & Brakes | Kent + SE London,Sprinter Servicing,"""sprinter service minor near me""",Phrase
Search | Servicing & Brakes | Kent + SE London,Sprinter Servicing,"""sprinter service mobile""",Phrase
Search | Servicing & Brakes | Kent + SE London,Sprinter Servicing,"""sprinter service near kent""",Phrase
Search | Servicing & Brakes | Kent + SE London,Sprinter Servicing,"""sprinter service near me""",Phrase
Search | Servicing & Brakes | Kent + SE London,Sprinter Servicing,"""sprinter service specialist""",Phrase
Search | Servicing & Brakes | Kent + SE London,Sprinter Servicing,"""sprinter service specialist local""",Phrase
Search | Servicing & Brakes | Kent + SE London,Sprinter Servicing,"""sprinter service specialist mobile""",Phrase
Search | Servicing & Brakes | Kent + SE London,Sprinter Servicing,"""sprinter service specialist near me""",Phrase
Search | Servicing & Brakes | Kent + SE London,Mercedes Van Servicing,"""sprinter servicing""",Phrase
Search | Servicing & Brakes | Kent + SE London,Mercedes Van Servicing,"""sprinter servicing local""",Phrase
Search | Servicing & Brakes | Kent + SE London,Mercedes Van Servicing,"""sprinter servicing major""",Phrase
Search | Servicing & Brakes | Kent + SE London,Mercedes Van Servicing,"""sprinter servicing major local""",Phrase
Search | Servicing & Brakes | Kent + SE London,Mercedes Van Servicing,"""sprinter servicing major mobile""",Phrase
Search | Servicing & Brakes | Kent + SE London,Mercedes Van Servicing,"""sprinter servicing major near me""",Phrase
Search | Servicing & Brakes | Kent + SE London,Mercedes Van Servicing,"""sprinter servicing minor""",Phrase
Search | Servicing & Brakes | Kent + SE London,Mercedes Van Servicing,"""sprinter servicing minor local""",Phrase
Search | Servicing & Brakes | Kent + SE London,Mercedes Van Servicing,"""sprinter servicing minor mobile""",Phrase
Search | Servicing & Brakes | Kent + SE London,Mercedes Van Servicing,"""sprinter servicing minor near me""",Phrase
Search | Servicing & Brakes | Kent + SE London,Mercedes Van Servicing,"""sprinter servicing mobile""",Phrase
Search | Servicing & Brakes | Kent + SE London,Mercedes Van Servicing,"""sprinter servicing near me""",Phrase
Search | Servicing & Brakes | Kent + SE London,Mercedes Van Servicing,"""sprinter servicing specialist""",Phrase
Search | Servicing & Brakes | Kent + SE London,Mercedes Van Servicing,"""sprinter servicing specialist local""",Phrase
Search | Servicing & Brakes | Kent + SE London,Mercedes Van Servicing,"""sprinter servicing specialist mobile""",Phrase
Search | Servicing & Brakes | Kent + SE London,Mercedes Van Servicing,"""sprinter servicing specialist near me""",Phrase
Search | Servicing & Brakes | Kent + SE London,Sprinter Servicing,"""Sprinter Van Service - AG Automotive Service""",Phrase
Search | Servicing & Brakes | Kent + SE London,Sprinter Servicing,"""sprinter van service near me""",Phrase
Search | Servicing & Brakes | Kent + SE London,Sprinter Servicing,"""Used sprinter service near me""",Phrase
Search | Servicing & Brakes | Kent + SE London,Vito Brakes,"""vito brake""",Phrase
Search | Servicing & Brakes | Kent + SE London,Vito Brakes,"""vito brake local""",Phrase
Search | Servicing & Brakes | Kent + SE London,Vito Brakes,"""vito brake major""",Phrase
Search | Servicing & Brakes | Kent + SE London,Vito Brakes,"""vito brake major local""",Phrase
Search | Servicing & Brakes | Kent + SE London,Vito Brakes,"""vito brake major mobile""",Phrase
Search | Servicing & Brakes | Kent + SE London,Vito Brakes,"""vito brake major near me""",Phrase
Search | Servicing & Brakes | Kent + SE London,Vito Brakes,"""vito brake minor""",Phrase
Search | Servicing & Brakes | Kent + SE London,Vito Brakes,"""vito brake minor local""",Phrase
Search | Servicing & Brakes | Kent + SE London,Vito Brakes,"""vito brake minor mobile""",Phrase
Search | Servicing & Brakes | Kent + SE London,Vito Brakes,"""vito brake minor near me""",Phrase
Search | Servicing & Brakes | Kent + SE London,Vito Brakes,"""vito brake mobile""",Phrase
Search | Servicing & Brakes | Kent + SE London,Vito Brakes,"""vito brake near me""",Phrase
Search | Servicing & Brakes | Kent + SE London,Vito Brakes,"""vito brake pads""",Phrase
Search | Servicing & Brakes | Kent + SE London,Vito Brakes,"""vito brake pads local""",Phrase
Search | Servicing & Brakes | Kent + SE London,Vito Brakes,"""vito brake pads major""",Phrase
Search | Servicing & Brakes | Kent + SE London,Vito Brakes,"""vito brake pads major local""",Phrase
Search | Servicing & Brakes | Kent + SE London,Vito Brakes,"""vito brake pads major mobile""",Phrase
Search | Servicing & Brakes | Kent + SE London,Vito Brakes,"""vito brake pads major near me""",Phrase
Search | Servicing & Brakes | Kent + SE London,Vito Brakes,"""vito brake pads minor""",Phrase
Search | Servicing & Brakes | Kent + SE London,Vito Brakes,"""vito brake pads minor local""",Phrase
Search | Servicing & Brakes | Kent + SE London,Vito Brakes,"""vito brake pads minor mobile""",Phrase
Search | Servicing & Brakes | Kent + SE London,Vito Brakes,"""vito brake pads minor near me""",Phrase
Search | Servicing & Brakes | Kent + SE London,Vito Brakes,"""vito brake pads mobile""",Phrase
Search | Servicing & Brakes | Kent + SE London,Vito Brakes,"""vito brake pads near me""",Phrase
Search | Servicing & Brakes | Kent + SE London,Vito Brakes,"""vito brake pads specialist""",Phrase
Search | Servicing & Brakes | Kent + SE London,Vito Brakes,"""vito brake pads specialist local""",Phrase
Search | Servicing & Brakes | Kent + SE London,Vito Brakes,"""vito brake pads specialist mobile""",Phrase
Search | Servicing & Brakes | Kent + SE London,Vito Brakes,"""vito brake pads specialist near me""",Phrase
Search | Servicing & Brakes | Kent + SE London,Vito Brakes,"""vito brake specialist""",Phrase
Search | Servicing & Brakes | Kent + SE London,Vito Brakes,"""vito brake specialist local""",Phrase
Search | Servicing & Brakes | Kent + SE London,Vito Brakes,"""vito brake specialist mobile""",Phrase
Search | Servicing & Brakes | Kent + SE London,Vito Brakes,"""vito brake specialist near me""",Phrase
Search | Servicing & Brakes | Kent + SE London,Vito Brakes,"""vito brakes""",Phrase
Search | Servicing & Brakes | Kent + SE London,Vito Brakes,"""vito brakes local""",Phrase
Search | Servicing & Brakes | Kent + SE London,Vito Brakes,"""vito brakes major""",Phrase
Search | Servicing & Brakes | Kent + SE London,Vito Brakes,"""vito brakes major local""",Phrase
Search | Servicing & Brakes | Kent + SE London,Vito Brakes,"""vito brakes major mobile""",Phrase
Search | Servicing & Brakes | Kent + SE London,Vito Brakes,"""vito brakes major near me""",Phrase
Search | Servicing & Brakes | Kent + SE London,Vito Brakes,"""vito brakes minor""",Phrase
Search | Servicing & Brakes | Kent + SE London,Vito Brakes,"""vito brakes minor local""",Phrase
Search | Servicing & Brakes | Kent + SE London,Vito Brakes,"""vito brakes minor mobile""",Phrase
Search | Servicing & Brakes | Kent + SE London,Vito Brakes,"""vito brakes minor near me""",Phrase
Search | Servicing & Brakes | Kent + SE London,Vito Brakes,"""vito brakes mobile""",Phrase
Search | Servicing & Brakes | Kent + SE London,Vito Brakes,"""vito brakes near me""",Phrase
Search | Servicing & Brakes | Kent + SE London,Vito Brakes,"""vito brakes specialist""",Phrase
Search | Servicing & Brakes | Kent + SE London,Vito Brakes,"""vito brakes specialist local""",Phrase
Search | Servicing & Brakes | Kent + SE London,Vito Brakes,[vito brakes specialist mobile],Exact
Search | Servicing & Brakes | Kent + SE London,Vito Brakes,[vito brakes specialist near me],Exact
Search | Servicing & Brakes | Kent + SE London,Vito Servicing,"""vito service""",Phrase
Search | Servicing & Brakes | Kent + SE London,Vito Servicing,"""vito service local""",Phrase
Search | Servicing & Brakes | Kent + SE London,Vito Servicing,"""vito service major""",Phrase
Search | Servicing & Brakes | Kent + SE London,Vito Servicing,"""vito service major local""",Phrase
Search | Servicing & Brakes | Kent + SE London,Vito Servicing,"""vito service major mobile""",Phrase
Search | Servicing & Brakes | Kent + SE London,Vito Servicing,"""vito service major near me""",Phrase
Search | Servicing & Brakes | Kent + SE London,Vito Servicing,"""vito service minor""",Phrase
Search | Servicing & Brakes | Kent + SE London,Vito Servicing,"""vito service minor local""",Phrase
Search | Servicing & Brakes | Kent + SE London,Vito Servicing,"""vito service minor mobile""",Phrase
Search | Servicing & Brakes | Kent + SE London,Vito Servicing,"""vito service minor near me""",Phrase
Search | Servicing & Brakes | Kent + SE London,Vito Servicing,"""vito service mobile""",Phrase
Search | Servicing & Brakes | Kent + SE London,Vito Servicing,"""vito service near me""",Phrase
Search | Servicing & Brakes | Kent + SE London,Vito Servicing,"""vito service specialist""",Phrase
Search | Servicing & Brakes | Kent + SE London,Vito Servicing,"""vito service specialist local""",Phrase
Search | Servicing & Brakes | Kent + SE London,Vito Servicing,"""vito service specialist mobile""",Phrase
Search | Servicing & Brakes | Kent + SE London,Vito Servicing,"""vito service specialist near me""",Phrase
Search | Servicing & Brakes | Kent + SE London,Mercedes Van Servicing,"""vito servicing""",Phrase
Search | Servicing & Brakes | Kent + SE London,Mercedes Van Servicing,"""vito servicing local""",Phrase
Search | Servicing & Brakes | Kent + SE London,Mercedes Van Servicing,"""vito servicing major""",Phrase
Search | Servicing & Brakes | Kent + SE London,Mercedes Van Servicing,"""vito servicing major local""",Phrase
Search | Servicing & Brakes | Kent + SE London,Mercedes Van Servicing,"""vito servicing major mobile""",Phrase
Search | Servicing & Brakes | Kent + SE London,Mercedes Van Servicing,"""vito servicing major near me""",Phrase
Search | Servicing & Brakes | Kent + SE London,Mercedes Van Servicing,"""vito servicing minor""",Phrase
Search | Servicing & Brakes | Kent + SE London,Mercedes Van Servicing,"""vito servicing minor local""",Phrase
Search | Servicing & Brakes | Kent + SE London,Mercedes Van Servicing,"""vito servicing minor mobile""",Phrase
Search | Servicing & Brakes | Kent + SE London,Mercedes Van Servicing,"""vito servicing minor near me""",Phrase
Search | Servicing & Brakes | Kent + SE London,Mercedes Van Servicing,"""vito servicing mobile""",Phrase
Search | Servicing & Brakes | Kent + SE London,Mercedes Van Servicing,"""vito servicing near me""",Phrase
Search | Servicing & Brakes | Kent + SE London,Mercedes Van Servicing,"""vito servicing specialist""",Phrase
Search | Servicing & Brakes | Kent + SE London,Mercedes Van Servicing,"""vito servicing specialist local""",Phrase
Search | Servicing & Brakes | Kent + SE London,Mercedes Van Servicing,"""vito servicing specialist mobile""",Phrase
Search | Servicing & Brakes | Kent + SE London,Mercedes Van Servicing,"""vito servicing specialist near me""",Phrase
Search | Tuning | Commercial Vans | Kent + SE London,Van Economy Tune,[commercial van economy remap],Exact
Search | Tuning | Commercial Vans | Kent + SE London,Van Economy Tune,[commercial van economy remap driveability],Exact
Search | Tuning | Commercial Vans | Kent + SE London,Van Economy Tune,[commercial van economy remap driveability mobile],Exact
Search | Tuning | Commercial Vans | Kent + SE London,Van Economy Tune,[commercial van economy remap driveability near me],Exact
Search | Tuning | Commercial Vans | Kent + SE London,Van Economy Tune,[commercial van economy remap load],Exact
Search | Tuning | Commercial Vans | Kent + SE London,Van Economy Tune,[commercial van economy remap load mobile],Exact
Search | Tuning | Commercial Vans | Kent + SE London,Van Economy Tune,[commercial van economy remap load near me],Exact
Search | Tuning | Commercial Vans | Kent + SE London,Van Economy Tune,[commercial van economy remap mobile],Exact
Search | Tuning | Commercial Vans | Kent + SE London,Van Economy Tune,[commercial van economy remap near me],Exact
Search | Tuning | Commercial Vans | Kent + SE London,Van Economy Tune,[commercial van economy remap work],Exact
Search | Tuning | Commercial Vans | Kent + SE London,Van Economy Tune,[commercial van economy remap work mobile],Exact
Search | Tuning | Commercial Vans | Kent + SE London,Van Economy Tune,[commercial van economy remap work near me],Exact
Search | Tuning | Commercial Vans | Kent + SE London,Van Economy Tune,[commercial van economy tune],Exact
Search | Tuning | Commercial Vans | Kent + SE London,Van Economy Tune,[commercial van economy tune driveability],Exact
Search | Tuning | Commercial Vans | Kent + SE London,Van Economy Tune,[commercial van economy tune driveability mobile],Exact
Search | Tuning | Commercial Vans | Kent + SE London,Van Economy Tune,[commercial van economy tune driveability near me],Exact
Search | Tuning | Commercial Vans | Kent + SE London,Van Economy Tune,[commercial van economy tune load],Exact
Search | Tuning | Commercial Vans | Kent + SE London,Van Economy Tune,[commercial van economy tune load mobile],Exact
Search | Tuning | Commercial Vans | Kent + SE London,Van Economy Tune,[commercial van economy tune load near me],Exact
Search | Tuning | Commercial Vans | Kent + SE London,Van Economy Tune,[commercial van economy tune mobile],Exact
Search | Tuning | Commercial Vans | Kent + SE London,Van Economy Tune,[commercial van economy tune near me],Exact
Search | Tuning | Commercial Vans | Kent + SE London,Van Economy Tune,[commercial van economy tune work],Exact
Search | Tuning | Commercial Vans | Kent + SE London,Van Economy Tune,[commercial van economy tune work mobile],Exact
Search | Tuning | Commercial Vans | Kent + SE London,Van Economy Tune,[commercial van economy tune work near me],Exact
Search | Tuning | Commercial Vans | Kent + SE London,Van Economy Tune,[commercial van fuel economy remap],Exact
Search | Tuning | Commercial Vans | Kent + SE London,Van Economy Tune,[commercial van fuel economy remap driveability],Exact
Search | Tuning | Commercial Vans | Kent + SE London,Van Economy Tune,[commercial van fuel economy remap driveability mobile],Exact
Search | Tuning | Commercial Vans | Kent + SE London,Van Economy Tune,[commercial van fuel economy remap driveability near me],Exact
Search | Tuning | Commercial Vans | Kent + SE London,Van Economy Tune,[commercial van fuel economy remap load],Exact
Search | Tuning | Commercial Vans | Kent + SE London,Van Economy Tune,[commercial van fuel economy remap load mobile],Exact
Search | Tuning | Commercial Vans | Kent + SE London,Van Economy Tune,[commercial van fuel economy remap load near me],Exact
Search | Tuning | Commercial Vans | Kent + SE London,Van Economy Tune,[commercial van fuel economy remap mobile],Exact
Search | Tuning | Commercial Vans | Kent + SE London,Van Economy Tune,[commercial van fuel economy remap near me],Exact
Search | Tuning | Commercial Vans | Kent + SE London,Van Economy Tune,[commercial van fuel economy remap work],Exact
Search | Tuning | Commercial Vans | Kent + SE London,Van Economy Tune,[commercial van fuel economy remap work mobile],Exact
Search | Tuning | Commercial Vans | Kent + SE London,Van Economy Tune,[commercial van fuel economy remap work near me],Exact
Search | Tuning | Commercial Vans | Kent + SE London,Sprinter Remap,"""commercial van remap""",Phrase
Search | Tuning | Commercial Vans | Kent + SE London,Van Load & Driveability Tune,"""commercial van remap driveability""",Phrase
Search | Tuning | Commercial Vans | Kent + SE London,Van Load & Driveability Tune,[commercial van remap driveability mobile],Exact
Search | Tuning | Commercial Vans | Kent + SE London,Van Load & Driveability Tune,[commercial van remap driveability near me],Exact
Search | Tuning | Commercial Vans | Kent + SE London,Van Load & Driveability Tune,"""commercial van remap load""",Phrase
Search | Tuning | Commercial Vans | Kent + SE London,Van Load & Driveability Tune,[commercial van remap load mobile],Exact
Search | Tuning | Commercial Vans | Kent + SE London,Van Load & Driveability Tune,[commercial van remap load near me],Exact
Search | Tuning | Commercial Vans | Kent + SE London,Mobile Van Remap,[commercial van remap mobile],Exact
Search | Tuning | Commercial Vans | Kent + SE London,Sprinter Remap,[commercial van remap near me],Exact
Search | Tuning | Commercial Vans | Kent + SE London,Sprinter Remap,"""commercial van remap work""",Phrase
Search | Tuning | Commercial Vans | Kent + SE London,Mobile Van Remap,[commercial van remap work mobile],Exact
Search | Tuning | Commercial Vans | Kent + SE London,Sprinter Remap,[commercial van remap work near me],Exact
Search | Tuning | Commercial Vans | Kent + SE London,Sprinter Remap,"""commercial van tune""",Phrase
Search | Tuning | Commercial Vans | Kent + SE London,Van Load & Driveability Tune,"""commercial van tune driveability""",Phrase
Search | Tuning | Commercial Vans | Kent + SE London,Van Load & Driveability Tune,"""commercial van tune driveability mobile""",Phrase
Search | Tuning | Commercial Vans | Kent + SE London,Van Load & Driveability Tune,"""commercial van tune driveability near me""",Phrase
Search | Tuning | Commercial Vans | Kent + SE London,Van Load & Driveability Tune,"""commercial van tune load""",Phrase
Search | Tuning | Commercial Vans | Kent + SE London,Van Load & Driveability Tune,"""commercial van tune load mobile""",Phrase
Search | Tuning | Commercial Vans | Kent + SE London,Van Load & Driveability Tune,"""commercial van tune load near me""",Phrase
Search | Tuning | Commercial Vans | Kent + SE London,Sprinter Remap,"""commercial van tune mobile""",Phrase
Search | Tuning | Commercial Vans | Kent + SE London,Sprinter Remap,"""commercial van tune near me""",Phrase
Search | Tuning | Commercial Vans | Kent + SE London,Sprinter Remap,"""commercial van tune work""",Phrase
Search | Tuning | Commercial Vans | Kent + SE London,Sprinter Remap,"""commercial van tune work mobile""",Phrase
Search | Tuning | Commercial Vans | Kent + SE London,Sprinter Remap,"""commercial van tune work near me""",Phrase
Search | Tuning | Commercial Vans | Kent + SE London,Van Economy Tune,"""commercial van tuning""",Phrase
Search | Tuning | Commercial Vans | Kent + SE London,Van Load & Driveability Tune,"""commercial van tuning driveability""",Phrase
Search | Tuning | Commercial Vans | Kent + SE London,Van Load & Driveability Tune,"""commercial van tuning driveability mobile""",Phrase
Search | Tuning | Commercial Vans | Kent + SE London,Van Load & Driveability Tune,"""commercial van tuning driveability near me""",Phrase
Search | Tuning | Commercial Vans | Kent + SE London,Van Load & Driveability Tune,"""commercial van tuning load""",Phrase
Search | Tuning | Commercial Vans | Kent + SE London,Van Load & Driveability Tune,"""commercial van tuning load mobile""",Phrase
Search | Tuning | Commercial Vans | Kent + SE London,Van Load & Driveability Tune,"""commercial van tuning load near me""",Phrase
Search | Tuning | Commercial Vans | Kent + SE London,Van Economy Tune,"""commercial van tuning mobile""",Phrase
Search | Tuning | Commercial Vans | Kent + SE London,Van Economy Tune,"""commercial van tuning near me""",Phrase
Search | Tuning | Commercial Vans | Kent + SE London,Van Economy Tune,"""commercial van tuning work""",Phrase
Search | Tuning | Commercial Vans | Kent + SE London,Van Economy Tune,"""commercial van tuning work mobile""",Phrase
Search | Tuning | Commercial Vans | Kent + SE London,Van Economy Tune,"""commercial van tuning work near me""",Phrase
Search | Tuning | Commercial Vans | Kent + SE London,Van Economy Tune,"""Economy Remap""",Phrase
Search | Tuning | Commercial Vans | Kent + SE London,Van Economy Tune,"""Economy Remap - Remap2Race | ECU Remapping | Exeter""",Phrase
Search | Tuning | Commercial Vans | Kent + SE London,Van Economy Tune,"""Economy Remap | Economy Tuning - Quantum Tuning""",Phrase
Search | Tuning | Commercial Vans | Kent + SE London,Van Economy Tune,"""Economy remap near me""",Phrase
Search | Tuning | Commercial Vans | Kent + SE London,Van Economy Tune,"""Economy remap vs stage 1""",Phrase
Search | Tuning | Commercial Vans | Kent + SE London,Van Economy Tune,"""fleet economy remap""",Phrase
Search | Tuning | Commercial Vans | Kent + SE London,Van Economy Tune,"""fleet economy remap driveability""",Phrase
Search | Tuning | Commercial Vans | Kent + SE London,Van Economy Tune,"""fleet economy remap driveability mobile""",Phrase
Search | Tuning | Commercial Vans | Kent + SE London,Van Economy Tune,"""fleet economy remap driveability near me""",Phrase
Search | Tuning | Commercial Vans | Kent + SE London,Van Economy Tune,"""fleet economy remap load""",Phrase
Search | Tuning | Commercial Vans | Kent + SE London,Van Economy Tune,"""fleet economy remap load mobile""",Phrase
Search | Tuning | Commercial Vans | Kent + SE London,Van Economy Tune,"""fleet economy remap load near me""",Phrase
Search | Tuning | Commercial Vans | Kent + SE London,Van Economy Tune,"""fleet economy remap mobile""",Phrase
Search | Tuning | Commercial Vans | Kent + SE London,Van Economy Tune,"""fleet economy remap near me""",Phrase
Search | Tuning | Commercial Vans | Kent + SE London,Van Economy Tune,"""fleet economy remap work""",Phrase
Search | Tuning | Commercial Vans | Kent + SE London,Van Economy Tune,"""fleet economy remap work mobile""",Phrase
Search | Tuning | Commercial Vans | Kent + SE London,Van Economy Tune,"""fleet economy remap work near me""",Phrase
Search | Tuning | Commercial Vans | Kent + SE London,Van Economy Tune,"""fleet economy tune""",Phrase
Search | Tuning | Commercial Vans | Kent + SE London,Van Economy Tune,"""fleet economy tune driveability""",Phrase
Search | Tuning | Commercial Vans | Kent + SE London,Van Economy Tune,"""fleet economy tune driveability mobile""",Phrase
Search | Tuning | Commercial Vans | Kent + SE London,Van Economy Tune,"""fleet economy tune driveability near me""",Phrase
Search | Tuning | Commercial Vans | Kent + SE London,Van Economy Tune,"""fleet economy tune load""",Phrase
Search | Tuning | Commercial Vans | Kent + SE London,Van Economy Tune,"""fleet economy tune load mobile""",Phrase
Search | Tuning | Commercial Vans | Kent + SE London,Van Economy Tune,"""fleet economy tune load near me""",Phrase
Search | Tuning | Commercial Vans | Kent + SE London,Van Economy Tune,"""fleet economy tune mobile""",Phrase
Search | Tuning | Commercial Vans | Kent + SE London,Van Economy Tune,"""fleet economy tune near me""",Phrase
Search | Tuning | Commercial Vans | Kent + SE London,Van Economy Tune,"""fleet economy tune work""",Phrase
Search | Tuning | Commercial Vans | Kent + SE London,Van Economy Tune,"""fleet economy tune work mobile""",Phrase
Search | Tuning | Commercial Vans | Kent + SE London,Van Economy Tune,"""fleet economy tune work near me""",Phrase
Search | Tuning | Commercial Vans | Kent + SE London,Van Economy Tune,[fleet fuel economy remap],Exact
Search | Tuning | Commercial Vans | Kent + SE London,Van Economy Tune,[fleet fuel economy remap driveability],Exact
Search | Tuning | Commercial Vans | Kent + SE London,Van Economy Tune,[fleet fuel economy remap driveability mobile],Exact
Search | Tuning | Commercial Vans | Kent + SE London,Van Economy Tune,[fleet fuel economy remap driveability near me],Exact
Search | Tuning | Commercial Vans | Kent + SE London,Van Economy Tune,[fleet fuel economy remap load],Exact
Search | Tuning | Commercial Vans | Kent + SE London,Van Economy Tune,[fleet fuel economy remap load mobile],Exact
Search | Tuning | Commercial Vans | Kent + SE London,Van Economy Tune,[fleet fuel economy remap load near me],Exact
Search | Tuning | Commercial Vans | Kent + SE London,Van Economy Tune,[fleet fuel economy remap mobile],Exact
Search | Tuning | Commercial Vans | Kent + SE London,Van Economy Tune,[fleet fuel economy remap near me],Exact
Search | Tuning | Commercial Vans | Kent + SE London,Van Economy Tune,[fleet fuel economy remap work],Exact
Search | Tuning | Commercial Vans | Kent + SE London,Van Economy Tune,[fleet fuel economy remap work mobile],Exact
Search | Tuning | Commercial Vans | Kent + SE London,Van Economy Tune,[fleet fuel economy remap work near me],Exact
Search | Tuning | Commercial Vans | Kent + SE London,Fleet Van Tuning,"""fleet remap""",Phrase
Search | Tuning | Commercial Vans | Kent + SE London,Van Load & Driveability Tune,"""fleet remap driveability""",Phrase
Search | Tuning | Commercial Vans | Kent + SE London,Van Load & Driveability Tune,"""fleet remap driveability mobile""",Phrase
Search | Tuning | Commercial Vans | Kent + SE London,Van Load & Driveability Tune,"""fleet remap driveability near me""",Phrase
Search | Tuning | Commercial Vans | Kent + SE London,Van Load & Driveability Tune,"""fleet remap load""",Phrase
Search | Tuning | Commercial Vans | Kent + SE London,Van Load & Driveability Tune,"""fleet remap load mobile""",Phrase
Search | Tuning | Commercial Vans | Kent + SE London,Van Load & Driveability Tune,"""fleet remap load near me""",Phrase
Search | Tuning | Commercial Vans | Kent + SE London,Fleet Van Tuning,"""fleet remap mobile""",Phrase
Search | Tuning | Commercial Vans | Kent + SE London,Fleet Van Tuning,"""fleet remap near me""",Phrase
Search | Tuning | Commercial Vans | Kent + SE London,Fleet Van Tuning,"""fleet remap work""",Phrase
Search | Tuning | Commercial Vans | Kent + SE London,Fleet Van Tuning,"""fleet remap work mobile""",Phrase
Search | Tuning | Commercial Vans | Kent + SE London,Fleet Van Tuning,"""fleet remap work near me""",Phrase
Search | Tuning | Commercial Vans | Kent + SE London,Fleet Van Tuning,"""fleet tune""",Phrase
Search | Tuning | Commercial Vans | Kent + SE London,Van Load & Driveability Tune,"""fleet tune driveability""",Phrase
Search | Tuning | Commercial Vans | Kent + SE London,Van Load & Driveability Tune,"""fleet tune driveability mobile""",Phrase
Search | Tuning | Commercial Vans | Kent + SE London,Van Load & Driveability Tune,"""fleet tune driveability near me""",Phrase
Search | Tuning | Commercial Vans | Kent + SE London,Van Load & Driveability Tune,"""fleet tune load""",Phrase
Search | Tuning | Commercial Vans | Kent + SE London,Van Load & Driveability Tune,"""fleet tune load mobile""",Phrase
Search | Tuning | Commercial Vans | Kent + SE London,Van Load & Driveability Tune,"""fleet tune load near me""",Phrase
Search | Tuning | Commercial Vans | Kent + SE London,Fleet Van Tuning,"""fleet tune mobile""",Phrase
Search | Tuning | Commercial Vans | Kent + SE London,Fleet Van Tuning,"""fleet tune near me""",Phrase
Search | Tuning | Commercial Vans | Kent + SE London,Fleet Van Tuning,"""fleet tune work""",Phrase
Search | Tuning | Commercial Vans | Kent + SE London,Fleet Van Tuning,"""fleet tune work mobile""",Phrase
Search | Tuning | Commercial Vans | Kent + SE London,Fleet Van Tuning,"""fleet tune work near me""",Phrase
Search | Tuning | Commercial Vans | Kent + SE London,Fleet Van Tuning,"""fleet tuning""",Phrase
Search | Tuning | Commercial Vans | Kent + SE London,Van Load & Driveability Tune,"""fleet tuning driveability""",Phrase
Search | Tuning | Commercial Vans | Kent + SE London,Van Load & Driveability Tune,"""fleet tuning driveability mobile""",Phrase
Search | Tuning | Commercial Vans | Kent + SE London,Van Load & Driveability Tune,"""fleet tuning driveability near me""",Phrase
Search | Tuning | Commercial Vans | Kent + SE London,Van Load & Driveability Tune,"""fleet tuning load""",Phrase
Search | Tuning | Commercial Vans | Kent + SE London,Van Load & Driveability Tune,"""fleet tuning load mobile""",Phrase
Search | Tuning | Commercial Vans | Kent + SE London,Van Load & Driveability Tune,"""fleet tuning load near me""",Phrase
Search | Tuning | Commercial Vans | Kent + SE London,Fleet Van Tuning,"""fleet tuning mobile""",Phrase
Search | Tuning | Commercial Vans | Kent + SE London,Fleet Van Tuning,"""fleet tuning near me""",Phrase
Search | Tuning | Commercial Vans | Kent + SE London,Fleet Van Tuning,"""fleet tuning work""",Phrase
Search | Tuning | Commercial Vans | Kent + SE London,Fleet Van Tuning,"""fleet tuning work mobile""",Phrase
Search | Tuning | Commercial Vans | Kent + SE London,Fleet Van Tuning,"""fleet tuning work near me""",Phrase
Search | Tuning | Commercial Vans | Kent + SE London,Van Economy Tune,[fuel economy remap],Exact
Search | Tuning | Commercial Vans | Kent + SE London,Van Economy Tune,[fuel economy remap uk],Exact
Search | Tuning | Commercial Vans | Kent + SE London,Van Economy Tune,[fuel economy remap van],Exact
Search | Tuning | Commercial Vans | Kent + SE London,Van Economy Tune,"""Fuel Economy Remapping - ProTune""",Phrase
Search | Tuning | Commercial Vans | Kent + SE London,Van Economy Tune,"""sprinter economy remap""",Phrase
Search | Tuning | Commercial Vans | Kent + SE London,Van Economy Tune,"""sprinter economy remap driveability""",Phrase
Search | Tuning | Commercial Vans | Kent + SE London,Van Economy Tune,[sprinter economy remap driveability mobile],Exact
Search | Tuning | Commercial Vans | Kent + SE London,Van Economy Tune,[sprinter economy remap driveability near me],Exact
Search | Tuning | Commercial Vans | Kent + SE London,Van Economy Tune,"""sprinter economy remap load""",Phrase
Search | Tuning | Commercial Vans | Kent + SE London,Van Economy Tune,[sprinter economy remap load mobile],Exact
Search | Tuning | Commercial Vans | Kent + SE London,Van Economy Tune,[sprinter economy remap load near me],Exact
Search | Tuning | Commercial Vans | Kent + SE London,Van Economy Tune,[sprinter economy remap mobile],Exact
Search | Tuning | Commercial Vans | Kent + SE London,Van Economy Tune,[sprinter economy remap near me],Exact
Search | Tuning | Commercial Vans | Kent + SE London,Van Economy Tune,"""sprinter economy remap work""",Phrase
Search | Tuning | Commercial Vans | Kent + SE London,Van Economy Tune,[sprinter economy remap work mobile],Exact
Search | Tuning | Commercial Vans | Kent + SE London,Van Economy Tune,[sprinter economy remap work near me],Exact
Search | Tuning | Commercial Vans | Kent + SE London,Van Economy Tune,"""sprinter economy tune""",Phrase
Search | Tuning | Commercial Vans | Kent + SE London,Van Economy Tune,"""sprinter economy tune driveability""",Phrase
Search | Tuning | Commercial Vans | Kent + SE London,Van Economy Tune,"""sprinter economy tune driveability mobile""",Phrase
Search | Tuning | Commercial Vans | Kent + SE London,Van Economy Tune,"""sprinter economy tune driveability near me""",Phrase
Search | Tuning | Commercial Vans | Kent + SE London,Van Economy Tune,"""sprinter economy tune load""",Phrase
Search | Tuning | Commercial Vans | Kent + SE London,Van Economy Tune,"""sprinter economy tune load mobile""",Phrase
Search | Tuning | Commercial Vans | Kent + SE London,Van Economy Tune,"""sprinter economy tune load near me""",Phrase
Search | Tuning | Commercial Vans | Kent + SE London,Van Economy Tune,"""sprinter economy tune mobile""",Phrase
Search | Tuning | Commercial Vans | Kent + SE London,Van Economy Tune,"""sprinter economy tune near me""",Phrase
Search | Tuning | Commercial Vans | Kent + SE London,Van Economy Tune,"""sprinter economy tune work""",Phrase
Search | Tuning | Commercial Vans | Kent + SE London,Van Economy Tune,"""sprinter economy tune work mobile""",Phrase
Search | Tuning | Commercial Vans | Kent + SE London,Van Economy Tune,"""sprinter economy tune work near me""",Phrase
Search | Tuning | Commercial Vans | Kent + SE London,Van Economy Tune,[sprinter fuel economy remap],Exact
Search | Tuning | Commercial Vans | Kent + SE London,Van Economy Tune,[sprinter fuel economy remap driveability],Exact
Search | Tuning | Commercial Vans | Kent + SE London,Van Economy Tune,[sprinter fuel economy remap driveability mobile],Exact
Search | Tuning | Commercial Vans | Kent + SE London,Van Economy Tune,[sprinter fuel economy remap driveability near me],Exact
Search | Tuning | Commercial Vans | Kent + SE London,Van Economy Tune,[sprinter fuel economy remap load],Exact
Search | Tuning | Commercial Vans | Kent + SE London,Van Economy Tune,[sprinter fuel economy remap load mobile],Exact
Search | Tuning | Commercial Vans | Kent + SE London,Van Economy Tune,[sprinter fuel economy remap load near me],Exact
Search | Tuning | Commercial Vans | Kent + SE London,Van Economy Tune,[sprinter fuel economy remap mobile],Exact
Search | Tuning | Commercial Vans | Kent + SE London,Van Economy Tune,[sprinter fuel economy remap near me],Exact
Search | Tuning | Commercial Vans | Kent + SE London,Van Economy Tune,[sprinter fuel economy remap work],Exact
Search | Tuning | Commercial Vans | Kent + SE London,Van Economy Tune,[sprinter fuel economy remap work mobile],Exact
Search | Tuning | Commercial Vans | Kent + SE London,Van Economy Tune,[sprinter fuel economy remap work near me],Exact
Search | Tuning | Commercial Vans | Kent + SE London,Sprinter Remap,"""sprinter remap""",Phrase
Search | Tuning | Commercial Vans | Kent + SE London,Van Load & Driveability Tune,"""sprinter remap driveability""",Phrase
Search | Tuning | Commercial Vans | Kent + SE London,Van Load & Driveability Tune,"""sprinter remap driveability mobile""",Phrase
Search | Tuning | Commercial Vans | Kent + SE London,Van Load & Driveability Tune,"""sprinter remap driveability near me""",Phrase
Search | Tuning | Commercial Vans | Kent + SE London,Van Load & Driveability Tune,"""sprinter remap load""",Phrase
Search | Tuning | Commercial Vans | Kent + SE London,Van Load & Driveability Tune,"""sprinter remap load mobile""",Phrase
Search | Tuning | Commercial Vans | Kent + SE London,Van Load & Driveability Tune,"""sprinter remap load near me""",Phrase
Search | Tuning | Commercial Vans | Kent + SE London,Mobile Van Remap,"""sprinter remap mobile""",Phrase
Search | Tuning | Commercial Vans | Kent + SE London,Sprinter Remap,"""sprinter remap near me""",Phrase
Search | Tuning | Commercial Vans | Kent + SE London,Sprinter Remap,"""sprinter remap work""",Phrase
Search | Tuning | Commercial Vans | Kent + SE London,Mobile Van Remap,"""sprinter remap work mobile""",Phrase
Search | Tuning | Commercial Vans | Kent + SE London,Sprinter Remap,"""sprinter remap work near me""",Phrase
Search | Tuning | Commercial Vans | Kent + SE London,Sprinter Remap,"""sprinter tune""",Phrase
Search | Tuning | Commercial Vans | Kent + SE London,Van Load & Driveability Tune,"""sprinter tune driveability""",Phrase
Search | Tuning | Commercial Vans | Kent + SE London,Van Load & Driveability Tune,"""sprinter tune driveability mobile""",Phrase
Search | Tuning | Commercial Vans | Kent + SE London,Van Load & Driveability Tune,"""sprinter tune driveability near me""",Phrase
Search | Tuning | Commercial Vans | Kent + SE London,Van Load & Driveability Tune,"""sprinter tune load""",Phrase
Search | Tuning | Commercial Vans | Kent + SE London,Van Load & Driveability Tune,"""sprinter tune load mobile""",Phrase
Search | Tuning | Commercial Vans | Kent + SE London,Van Load & Driveability Tune,"""sprinter tune load near me""",Phrase
Search | Tuning | Commercial Vans | Kent + SE London,Sprinter Remap,"""sprinter tune mobile""",Phrase
Search | Tuning | Commercial Vans | Kent + SE London,Sprinter Remap,"""sprinter tune near me""",Phrase
Search | Tuning | Commercial Vans | Kent + SE London,Sprinter Remap,"""sprinter tune work""",Phrase
Search | Tuning | Commercial Vans | Kent + SE London,Sprinter Remap,"""sprinter tune work mobile""",Phrase
Search | Tuning | Commercial Vans | Kent + SE London,Sprinter Remap,"""sprinter tune work near me""",Phrase
Search | Tuning | Commercial Vans | Kent + SE London,Van Economy Tune,"""sprinter tuning""",Phrase
Search | Tuning | Commercial Vans | Kent + SE London,Van Load & Driveability Tune,"""sprinter tuning driveability""",Phrase
Search | Tuning | Commercial Vans | Kent + SE London,Van Load & Driveability Tune,"""sprinter tuning driveability mobile""",Phrase
Search | Tuning | Commercial Vans | Kent + SE London,Van Load & Driveability Tune,"""sprinter tuning driveability near me""",Phrase
Search | Tuning | Commercial Vans | Kent + SE London,Van Load & Driveability Tune,"""sprinter tuning load""",Phrase
Search | Tuning | Commercial Vans | Kent + SE London,Van Load & Driveability Tune,"""sprinter tuning load mobile""",Phrase
Search | Tuning | Commercial Vans | Kent + SE London,Van Load & Driveability Tune,"""sprinter tuning load near me""",Phrase
Search | Tuning | Commercial Vans | Kent + SE London,Van Economy Tune,"""sprinter tuning mobile""",Phrase
Search | Tuning | Commercial Vans | Kent + SE London,Van Economy Tune,"""sprinter tuning near me""",Phrase
Search | Tuning | Commercial Vans | Kent + SE London,Van Economy Tune,"""sprinter tuning work""",Phrase
Search | Tuning | Commercial Vans | Kent + SE London,Van Economy Tune,"""sprinter tuning work mobile""",Phrase
Search | Tuning | Commercial Vans | Kent + SE London,Van Economy Tune,"""sprinter tuning work near me""",Phrase
Search | Tuning | Commercial Vans | Kent + SE London,Van Economy Tune,"""van economy remap""",Phrase
Search | Tuning | Commercial Vans | Kent + SE London,Van Economy Tune,"""van economy remap driveability""",Phrase
Search | Tuning | Commercial Vans | Kent + SE London,Van Economy Tune,[van economy remap driveability mobile],Exact
Search | Tuning | Commercial Vans | Kent + SE London,Van Economy Tune,[van economy remap driveability near me],Exact
Search | Tuning | Commercial Vans | Kent + SE London,Van Economy Tune,"""van economy remap load""",Phrase
Search | Tuning | Commercial Vans | Kent + SE London,Van Economy Tune,[van economy remap load mobile],Exact
Search | Tuning | Commercial Vans | Kent + SE London,Van Economy Tune,[van economy remap load near me],Exact
Search | Tuning | Commercial Vans | Kent + SE London,Van Economy Tune,[van economy remap mobile],Exact
Search | Tuning | Commercial Vans | Kent + SE London,Van Economy Tune,[van economy remap near me],Exact
Search | Tuning | Commercial Vans | Kent + SE London,Van Economy Tune,"""van economy remap work""",Phrase
Search | Tuning | Commercial Vans | Kent + SE London,Van Economy Tune,[van economy remap work mobile],Exact
Search | Tuning | Commercial Vans | Kent + SE London,Van Economy Tune,[van economy remap work near me],Exact
Search | Tuning | Commercial Vans | Kent + SE London,Van Economy Tune,"""van economy tune""",Phrase
Search | Tuning | Commercial Vans | Kent + SE London,Van Economy Tune,"""van economy tune driveability""",Phrase
Search | Tuning | Commercial Vans | Kent + SE London,Van Economy Tune,[van economy tune driveability mobile],Exact
Search | Tuning | Commercial Vans | Kent + SE London,Van Economy Tune,[van economy tune driveability near me],Exact
Search | Tuning | Commercial Vans | Kent + SE London,Van Economy Tune,"""van economy tune load""",Phrase
Search | Tuning | Commercial Vans | Kent + SE London,Van Economy Tune,[van economy tune load mobile],Exact
Search | Tuning | Commercial Vans | Kent + SE London,Van Economy Tune,[van economy tune load near me],Exact
Search | Tuning | Commercial Vans | Kent + SE London,Van Economy Tune,[van economy tune mobile],Exact
Search | Tuning | Commercial Vans | Kent + SE London,Van Economy Tune,[van economy tune near me],Exact
Search | Tuning | Commercial Vans | Kent + SE London,Van Economy Tune,"""van economy tune work""",Phrase
Search | Tuning | Commercial Vans | Kent + SE London,Van Economy Tune,[van economy tune work mobile],Exact
Search | Tuning | Commercial Vans | Kent + SE London,Van Economy Tune,[van economy tune work near me],Exact
Search | Tuning | Commercial Vans | Kent + SE London,Van Economy Tune,[van fuel economy remap],Exact
Search | Tuning | Commercial Vans | Kent + SE London,Van Economy Tune,[van fuel economy remap driveability],Exact
Search | Tuning | Commercial Vans | Kent + SE London,Van Economy Tune,[van fuel economy remap driveability mobile],Exact
Search | Tuning | Commercial Vans | Kent + SE London,Van Economy Tune,[van fuel economy remap driveability near me],Exact
Search | Tuning | Commercial Vans | Kent + SE London,Van Economy Tune,[van fuel economy remap load],Exact
Search | Tuning | Commercial Vans | Kent + SE London,Van Economy Tune,[van fuel economy remap load mobile],Exact
Search | Tuning | Commercial Vans | Kent + SE London,Van Economy Tune,[van fuel economy remap load near me],Exact
Search | Tuning | Commercial Vans | Kent + SE London,Van Economy Tune,[van fuel economy remap mobile],Exact
Search | Tuning | Commercial Vans | Kent + SE London,Van Economy Tune,[van fuel economy remap near me],Exact
Search | Tuning | Commercial Vans | Kent + SE London,Van Economy Tune,[van fuel economy remap work],Exact
Search | Tuning | Commercial Vans | Kent + SE London,Van Economy Tune,[van fuel economy remap work mobile],Exact
Search | Tuning | Commercial Vans | Kent + SE London,Van Economy Tune,[van fuel economy remap work near me],Exact
Search | Tuning | Commercial Vans | Kent + SE London,Van Economy Tune,"""van remap""",Phrase
Search | Tuning | Commercial Vans | Kent + SE London,Van Load & Driveability Tune,"""van remap driveability""",Phrase
Search | Tuning | Commercial Vans | Kent + SE London,Van Load & Driveability Tune,"""van remap driveability mobile""",Phrase
Search | Tuning | Commercial Vans | Kent + SE London,Van Load & Driveability Tune,"""van remap driveability near me""",Phrase
Search | Tuning | Commercial Vans | Kent + SE London,Van Load & Driveability Tune,"""van remap load""",Phrase
Search | Tuning | Commercial Vans | Kent + SE London,Van Load & Driveability Tune,"""van remap load mobile""",Phrase
Search | Tuning | Commercial Vans | Kent + SE London,Van Load & Driveability Tune,"""van remap load near me""",Phrase
Search | Tuning | Commercial Vans | Kent + SE London,Mobile Van Remap,"""van remap mobile""",Phrase
Search | Tuning | Commercial Vans | Kent + SE London,Van Economy Tune,"""van remap near me""",Phrase
Search | Tuning | Commercial Vans | Kent + SE London,Van Economy Tune,"""van remap work""",Phrase
Search | Tuning | Commercial Vans | Kent + SE London,Mobile Van Remap,"""van remap work mobile""",Phrase
Search | Tuning | Commercial Vans | Kent + SE London,Van Economy Tune,"""van remap work near me""",Phrase
Search | Tuning | Commercial Vans | Kent + SE London,Van Economy Tune,"""Van remapping near me""",Phrase
Search | Tuning | Commercial Vans | Kent + SE London,Van Economy Tune,"""van tune""",Phrase
Search | Tuning | Commercial Vans | Kent + SE London,Van Load & Driveability Tune,"""van tune driveability""",Phrase
Search | Tuning | Commercial Vans | Kent + SE London,Van Load & Driveability Tune,"""van tune driveability mobile""",Phrase
Search | Tuning | Commercial Vans | Kent + SE London,Van Load & Driveability Tune,"""van tune driveability near me""",Phrase
Search | Tuning | Commercial Vans | Kent + SE London,Van Load & Driveability Tune,"""van tune load""",Phrase
Search | Tuning | Commercial Vans | Kent + SE London,Van Load & Driveability Tune,"""van tune load mobile""",Phrase
Search | Tuning | Commercial Vans | Kent + SE London,Van Load & Driveability Tune,"""van tune load near me""",Phrase
Search | Tuning | Commercial Vans | Kent + SE London,Van Economy Tune,"""van tune mobile""",Phrase
Search | Tuning | Commercial Vans | Kent + SE London,Van Economy Tune,"""van tune near me""",Phrase
Search | Tuning | Commercial Vans | Kent + SE London,Van Economy Tune,"""van tune work""",Phrase
Search | Tuning | Commercial Vans | Kent + SE London,Van Economy Tune,"""van tune work mobile""",Phrase
Search | Tuning | Commercial Vans | Kent + SE London,Van Economy Tune,"""van tune work near me""",Phrase
Search | Tuning | Commercial Vans | Kent + SE London,Van Economy Tune,"""van tuning""",Phrase
Search | Tuning | Commercial Vans | Kent + SE London,Van Load & Driveability Tune,"""van tuning driveability""",Phrase
Search | Tuning | Commercial Vans | Kent + SE London,Van Load & Driveability Tune,"""van tuning driveability mobile""",Phrase
Search | Tuning | Commercial Vans | Kent + SE London,Van Load & Driveability Tune,"""van tuning driveability near me""",Phrase
Search | Tuning | Commercial Vans | Kent + SE London,Van Load & Driveability Tune,"""van tuning load""",Phrase
Search | Tuning | Commercial Vans | Kent + SE London,Van Load & Driveability Tune,"""van tuning load mobile""",Phrase
Search | Tuning | Commercial Vans | Kent + SE London,Van Load & Driveability Tune,"""van tuning load near me""",Phrase
Search | Tuning | Commercial Vans | Kent + SE London,Van Economy Tune,"""van tuning mobile""",Phrase
Search | Tuning | Commercial Vans | Kent + SE London,Van Economy Tune,"""van tuning near me""",Phrase
Search | Tuning | Commercial Vans | Kent + SE London,Van Economy Tune,"""van tuning work""",Phrase
Search | Tuning | Commercial Vans | Kent + SE London,Van Economy Tune,"""van tuning work mobile""",Phrase
Search | Tuning | Commercial Vans | Kent + SE London,Van Economy Tune,"""van tuning work near me""",Phrase
Search | Tuning | Commercial Vans | Kent + SE London,Van Economy Tune,"""vito economy remap""",Phrase
Search | Tuning | Commercial Vans | Kent + SE London,Van Economy Tune,"""vito economy remap driveability""",Phrase
Search | Tuning | Commercial Vans | Kent + SE London,Van Economy Tune,[vito economy remap driveability mobile],Exact
Search | Tuning | Commercial Vans | Kent + SE London,Van Economy Tune,[vito economy remap driveability near me],Exact
Search | Tuning | Commercial Vans | Kent + SE London,Van Economy Tune,"""vito economy remap load""",Phrase
Search | Tuning | Commercial Vans | Kent + SE London,Van Economy Tune,[vito economy remap load mobile],Exact
Search | Tuning | Commercial Vans | Kent + SE London,Van Economy Tune,[vito economy remap load near me],Exact
Search | Tuning | Commercial Vans | Kent + SE London,Van Economy Tune,[vito economy remap mobile],Exact
Search | Tuning | Commercial Vans | Kent + SE London,Van Economy Tune,[vito economy remap near me],Exact
Search | Tuning | Commercial Vans | Kent + SE London,Van Economy Tune,"""vito economy remap work""",Phrase
Search | Tuning | Commercial Vans | Kent + SE London,Van Economy Tune,[vito economy remap work mobile],Exact
Search | Tuning | Commercial Vans | Kent + SE London,Van Economy Tune,[vito economy remap work near me],Exact
Search | Tuning | Commercial Vans | Kent + SE London,Van Economy Tune,"""vito economy tune""",Phrase
Search | Tuning | Commercial Vans | Kent + SE London,Van Economy Tune,"""vito economy tune driveability""",Phrase
Search | Tuning | Commercial Vans | Kent + SE London,Van Economy Tune,"""vito economy tune driveability mobile""",Phrase
Search | Tuning | Commercial Vans | Kent + SE London,Van Economy Tune,"""vito economy tune driveability near me""",Phrase
Search | Tuning | Commercial Vans | Kent + SE London,Van Economy Tune,"""vito economy tune load""",Phrase
Search | Tuning | Commercial Vans | Kent + SE London,Van Economy Tune,"""vito economy tune load mobile""",Phrase
Search | Tuning | Commercial Vans | Kent + SE London,Van Economy Tune,"""vito economy tune load near me""",Phrase
Search | Tuning | Commercial Vans | Kent + SE London,Van Economy Tune,"""vito economy tune mobile""",Phrase
Search | Tuning | Commercial Vans | Kent + SE London,Van Economy Tune,"""vito economy tune near me""",Phrase
Search | Tuning | Commercial Vans | Kent + SE London,Van Economy Tune,"""vito economy tune work""",Phrase
Search | Tuning | Commercial Vans | Kent + SE London,Van Economy Tune,"""vito economy tune work mobile""",Phrase
Search | Tuning | Commercial Vans | Kent + SE London,Van Economy Tune,"""vito economy tune work near me""",Phrase
Search | Tuning | Commercial Vans | Kent + SE London,Van Economy Tune,[vito fuel economy remap],Exact
Search | Tuning | Commercial Vans | Kent + SE London,Van Economy Tune,[vito fuel economy remap driveability],Exact
Search | Tuning | Commercial Vans | Kent + SE London,Van Economy Tune,[vito fuel economy remap driveability mobile],Exact
Search | Tuning | Commercial Vans | Kent + SE London,Van Economy Tune,[vito fuel economy remap driveability near me],Exact
Search | Tuning | Commercial Vans | Kent + SE London,Van Economy Tune,[vito fuel economy remap load],Exact
Search | Tuning | Commercial Vans | Kent + SE London,Van Economy Tune,[vito fuel economy remap load mobile],Exact
Search | Tuning | Commercial Vans | Kent + SE London,Van Economy Tune,[vito fuel economy remap load near me],Exact
Search | Tuning | Commercial Vans | Kent + SE London,Van Economy Tune,[vito fuel economy remap mobile],Exact
Search | Tuning | Commercial Vans | Kent + SE London,Van Economy Tune,[vito fuel economy remap near me],Exact
Search | Tuning | Commercial Vans | Kent + SE London,Van Economy Tune,[vito fuel economy remap work],Exact
Search | Tuning | Commercial Vans | Kent + SE London,Van Economy Tune,[vito fuel economy remap work mobile],Exact
Search | Tuning | Commercial Vans | Kent + SE London,Van Economy Tune,[vito fuel economy remap work near me],Exact
Search | Tuning | Commercial Vans | Kent + SE London,Vito Remap,"""vito remap""",Phrase
Search | Tuning | Commercial Vans | Kent + SE London,Van Load & Driveability Tune,"""vito remap driveability""",Phrase
Search | Tuning | Commercial Vans | Kent + SE London,Van Load & Driveability Tune,"""vito remap driveability mobile""",Phrase
Search | Tuning | Commercial Vans | Kent + SE London,Van Load & Driveability Tune,"""vito remap driveability near me""",Phrase
Search | Tuning | Commercial Vans | Kent + SE London,Van Load & Driveability Tune,"""vito remap load""",Phrase
Search | Tuning | Commercial Vans | Kent + SE London,Van Load & Driveability Tune,"""vito remap load mobile""",Phrase
Search | Tuning | Commercial Vans | Kent + SE London,Van Load & Driveability Tune,"""vito remap load near me""",Phrase
Search | Tuning | Commercial Vans | Kent + SE London,Mobile Van Remap,"""vito remap mobile""",Phrase
Search | Tuning | Commercial Vans | Kent + SE London,Vito Remap,"""vito remap near me""",Phrase
Search | Tuning | Commercial Vans | Kent + SE London,Vito Remap,"""vito remap work""",Phrase
Search | Tuning | Commercial Vans | Kent + SE London,Mobile Van Remap,"""vito remap work mobile""",Phrase
Search | Tuning | Commercial Vans | Kent + SE London,Vito Remap,"""vito remap work near me""",Phrase
Search | Tuning | Commercial Vans | Kent + SE London,Vito Remap,"""vito tune""",Phrase
Search | Tuning | Commercial Vans | Kent + SE London,Van Load & Driveability Tune,"""vito tune driveability""",Phrase
Search | Tuning | Commercial Vans | Kent + SE London,Van Load & Driveability Tune,"""vito tune driveability mobile""",Phrase
Search | Tuning | Commercial Vans | Kent + SE London,Van Load & Driveability Tune,"""vito tune driveability near me""",Phrase
Search | Tuning | Commercial Vans | Kent + SE London,Van Load & Driveability Tune,"""vito tune load""",Phrase
Search | Tuning | Commercial Vans | Kent + SE London,Van Load & Driveability Tune,"""vito tune load mobile""",Phrase
Search | Tuning | Commercial Vans | Kent + SE London,Van Load & Driveability Tune,"""vito tune load near me""",Phrase
Search | Tuning | Commercial Vans | Kent + SE London,Vito Remap,"""vito tune mobile""",Phrase
Search | Tuning | Commercial Vans | Kent + SE London,Vito Remap,"""vito tune near me""",Phrase
Search | Tuning | Commercial Vans | Kent + SE London,Vito Remap,"""vito tune work""",Phrase
Search | Tuning | Commercial Vans | Kent + SE London,Vito Remap,"""vito tune work mobile""",Phrase
Search | Tuning | Commercial Vans | Kent + SE London,Vito Remap,"""vito tune work near me""",Phrase
Search | Tuning | Commercial Vans | Kent + SE London,Van Economy Tune,"""vito tuning""",Phrase
Search | Tuning | Commercial Vans | Kent + SE London,Van Load & Driveability Tune,"""vito tuning driveability""",Phrase
Search | Tuning | Commercial Vans | Kent + SE London,Van Load & Driveability Tune,"""vito tuning driveability mobile""",Phrase
Search | Tuning | Commercial Vans | Kent + SE London,Van Load & Driveability Tune,"""vito tuning driveability near me""",Phrase
Search | Tuning | Commercial Vans | Kent + SE London,Van Load & Driveability Tune,"""vito tuning load""",Phrase
Search | Tuning | Commercial Vans | Kent + SE London,Van Load & Driveability Tune,"""vito tuning load mobile""",Phrase
Search | Tuning | Commercial Vans | Kent + SE London,Van Load & Driveability Tune,"""vito tuning load near me""",Phrase
Search | Tuning | Commercial Vans | Kent + SE London,Van Economy Tune,"""vito tuning mobile""",Phrase
Search | Tuning | Commercial Vans | Kent + SE London,Van Economy Tune,"""vito tuning near me""",Phrase
Search | Tuning | Commercial Vans | Kent + SE London,Van Economy Tune,"""vito tuning work""",Phrase
Search | Tuning | Commercial Vans | Kent + SE London,Van Economy Tune,"""vito tuning work mobile""",Phrase
Search | Tuning | Commercial Vans | Kent + SE London,Van Economy Tune,"""vito tuning work near me""",Phrase
